id,conversation_id,created_at,date,timezone,place,tweet,language,hashtags,cashtags,user_id,user_id_str,username,name,day,hour,link,urls,photos,video,thumbnail,retweet,nlikes,nreplies,nretweets,quote_url,search,near,geo,source,user_rt_id,user_rt,retweet_id,reply_to,retweet_date,translate,trans_src,trans_dest
1380534883865526275,1380534883865526275,1617980140000.0,2021-04-09 09:55:40,-0500,,Codo a codo! Marca la “K” y escribe el 1. @KeikoFujimori #Presidenta y Juan Carlos Lizarzaburu congresista por los PEX.  #yomequedoencasa #quedateencasa #rescate2021 #keiko #peruvians #ceviche #politicaspublicas #peruvianstyle #pex #peruanosenelextranjero  https://t.co/RnIJw3JaEF,es,"['presidenta', 'yomequedoencasa', 'quedateencasa', 'rescate2021', 'keiko', 'peruvians', 'ceviche', 'politicaspublicas', 'peruvianstyle', 'pex', 'peruanosenelextranjero']",[],725128670008999937,725128670008999937,LizarzaburuJuan,Juan C. Lizarzaburu,5,09,https://twitter.com/LizarzaburuJuan/status/1380534883865526275,[],['https://pbs.twimg.com/media/EyilKLLW8Ao7p_s.jpg'],1,https://pbs.twimg.com/media/EyilKLLW8Ao7p_s.jpg,False,0,0,0,,None,,,,,,,[],,,,
1380330551530373129,1380330551530373129,1617931423000.0,2021-04-08 20:23:43,-0500,,11 de abril marca la “K” y escribe el 1. @KeikoFujimori presidenta y Juan Carlos Lizarzaburu congresista por los PEX. Juntos por el desarrollo  #yomequedoencasa #quedateencasa #rescate2021 #keiko #peruvians #ceviche #politicaspublicas #peruvianstyle #pex #peruanosenelextranjero  https://t.co/5Y3qEbJngJ,es,"['yomequedoencasa', 'quedateencasa', 'rescate2021', 'keiko', 'peruvians', 'ceviche', 'politicaspublicas', 'peruvianstyle', 'pex', 'peruanosenelextranjero']",[],725128670008999937,725128670008999937,LizarzaburuJuan,Juan C. Lizarzaburu,4,20,https://twitter.com/LizarzaburuJuan/status/1380330551530373129,[],['https://pbs.twimg.com/media/EyfrUi6WEAk7kjE.jpg'],1,https://pbs.twimg.com/media/EyfrUi6WEAk7kjE.jpg,False,0,2,0,,None,,,,,,,[],,,,
1380154607914123277,1380154607914123277,1617889475000.0,2021-04-08 08:44:35,-0500,,11 de abril marca la “K” y escribe el 1. @KeikoFujimori presidenta y Juan Carlos Lizarzaburu congresista por los PEX. Juntos por el desarrollo  #yomequedoencasa #quedateencasa #rescate2021 #keiko #peruvians #ceviche #politicaspublicas #peruvianstyle #pex #peruanosenelextranjero  https://t.co/m6YcxDY8AR,es,"['yomequedoencasa', 'quedateencasa', 'rescate2021', 'keiko', 'peruvians', 'ceviche', 'politicaspublicas', 'peruvianstyle', 'pex', 'peruanosenelextranjero']",[],725128670008999937,725128670008999937,LizarzaburuJuan,Juan C. Lizarzaburu,4,08,https://twitter.com/LizarzaburuJuan/status/1380154607914123277,[],['https://pbs.twimg.com/media/EydLS0-WYAoOIiI.jpg'],1,https://pbs.twimg.com/media/EydLS0-WYAoOIiI.jpg,False,2,0,0,,None,,,,,,,[],,,,
1379522304007413767,1379522304007413767,1617738722000.0,2021-04-06 14:52:02,-0500,,#PEX escribe el 1 de  Juan Carlos Lizarzaburu. Juntos por el desarrollo de #Perú y los PEX. #yomequedoencasa #quedateencasa #elperuprimero #votaporel1  #rescate2021 #keiko #peruanosenelextranjero  #peruanosenmiami #peruanosenargentina #peruanosenespana  #peruanosenusa  https://t.co/w7ZdhB9Qwi,es,"['pex', 'perú', 'yomequedoencasa', 'quedateencasa', 'elperuprimero', 'votaporel1', 'rescate2021', 'keiko', 'peruanosenelextranjero', 'peruanosenmiami', 'peruanosenargentina', 'peruanosenespana', 'peruanosenusa']",[],725128670008999937,725128670008999937,LizarzaburuJuan,Juan C. Lizarzaburu,2,14,https://twitter.com/LizarzaburuJuan/status/1379522304007413767,[],['https://pbs.twimg.com/media/EyUMN-DWQAYppri.jpg'],1,https://pbs.twimg.com/media/EyUMN-DWQAYppri.jpg,False,0,0,0,,None,,,,,,,[],,,,
1378787018411491332,1378787018411491332,1617563416000.0,2021-04-04 14:10:16,-0500,, https://t.co/R94ybgeidx,und,[],[],725128670008999937,725128670008999937,LizarzaburuJuan,Juan C. Lizarzaburu,7,14,https://twitter.com/LizarzaburuJuan/status/1378787018411491332,[],['https://pbs.twimg.com/media/EyJver5WgAo3pWZ.jpg'],1,https://pbs.twimg.com/media/EyJver5WgAo3pWZ.jpg,False,1,0,0,,None,,,,,,,[],,,,
1377308508891275265,1377308508891275265,1617210912000.0,2021-03-31 12:15:12,-0500,, https://t.co/RkgavtAokT,und,[],[],725128670008999937,725128670008999937,LizarzaburuJuan,Juan C. Lizarzaburu,3,12,https://twitter.com/LizarzaburuJuan/status/1377308508891275265,[],[],1,https://pbs.twimg.com/ext_tw_video_thumb/1377308462535880706/pu/img/E1ZI7COMiThA6nXa.jpg,False,0,0,0,,None,,,,,,,[],,,,
1377308254926176257,1377308254926176257,1617210851000.0,2021-03-31 12:14:11,-0500,,11 de abril marca la “K” y escribe el 1. @KeikoFujimori presidenta y Juan Carlos Lizarzaburu congresista por los PEX. Juntos por el desarrollo  #yomequedoencasa #quedateencasa #rescate2021 #keiko #peruvians #ceviche #politicaspublicas #peruvianstyle #pex #peruanosenelextranjero,es,"['yomequedoencasa', 'quedateencasa', 'rescate2021', 'keiko', 'peruvians', 'ceviche', 'politicaspublicas', 'peruvianstyle', 'pex', 'peruanosenelextranjero']",[],725128670008999937,725128670008999937,LizarzaburuJuan,Juan C. Lizarzaburu,3,12,https://twitter.com/LizarzaburuJuan/status/1377308254926176257,[],[],0,,False,0,0,0,,None,,,,,,,[],,,,
1376633592407801858,1376633592407801858,1617049999000.0,2021-03-29 15:33:19,-0500,,"Unidad, disciplina y lealtad. Junto a @keikofujimorih Lo lograremos  #yomequedoencasa #quedateencasa #elperuprimero #votaporel1 #rescate2021 #keiko #peruvians #peruvianfood #ceviche  #peruvianstyle #pex #peruanosenelextranjero #peruanosemprendedores #FuerzaPopular #VotoInformado  https://t.co/WwXkD5nSPc",es,"['yomequedoencasa', 'quedateencasa', 'elperuprimero', 'votaporel1', 'rescate2021', 'keiko', 'peruvians', 'peruvianfood', 'ceviche', 'peruvianstyle', 'pex', 'peruanosenelextranjero', 'peruanosemprendedores', 'fuerzapopular', 'votoinformado']",[],725128670008999937,725128670008999937,LizarzaburuJuan,Juan C. Lizarzaburu,1,15,https://twitter.com/LizarzaburuJuan/status/1376633592407801858,[],['https://pbs.twimg.com/media/ExrI9LwWEAMipEi.jpg'],1,https://pbs.twimg.com/media/ExrI9LwWEAMipEi.jpg,False,0,0,0,,None,,,,,,,[],,,,
1375986950218342401,1375986950218342401,1616895828000.0,2021-03-27 20:43:48,-0500,,Todos juntos conseguiremos mejorar. Junto a @keikofujimorih Lo lograremos  #yomequedoencasa #quedateencasa #elperuprimero #perú #rescate2021 #peruana #keiko #peruano #peruvians  #pex  #peruanosemprendedores #FuerzaPopular  https://t.co/W6tGUuNbTS,es,"['yomequedoencasa', 'quedateencasa', 'elperuprimero', 'perú', 'rescate2021', 'peruana', 'keiko', 'peruano', 'peruvians', 'pex', 'peruanosemprendedores', 'fuerzapopular']",[],725128670008999937,725128670008999937,LizarzaburuJuan,Juan C. Lizarzaburu,6,20,https://twitter.com/LizarzaburuJuan/status/1375986950218342401,[],['https://pbs.twimg.com/media/Exh81pRWgAMr1dH.jpg'],1,https://pbs.twimg.com/media/Exh81pRWgAMr1dH.jpg,False,1,0,0,,None,,,,,,,[],,,,
1375444125965807617,1375444125965807617,1616766408000.0,2021-03-26 08:46:48,-0500,,Ampliando las coberturas que tiene la #leyderetorno conseguiremos mejorarla. Junto a @keikofujimorih Lo lograremos  #yomequedoencasa #quedateencasa #elperuprimero #perú #rescate2021 #peruana #keiko #peruano #peruvians  #pex  #peruanosemprendedores #FuerzaPopular  https://t.co/MIzHKPGgnO,es,"['leyderetorno', 'yomequedoencasa', 'quedateencasa', 'elperuprimero', 'perú', 'rescate2021', 'peruana', 'keiko', 'peruano', 'peruvians', 'pex', 'peruanosemprendedores', 'fuerzapopular']",[],725128670008999937,725128670008999937,LizarzaburuJuan,Juan C. Lizarzaburu,5,08,https://twitter.com/LizarzaburuJuan/status/1375444125965807617,[],['https://pbs.twimg.com/media/ExaPJGaWUAU07MH.jpg'],1,https://pbs.twimg.com/media/ExaPJGaWUAU07MH.jpg,False,0,0,0,,None,,,,,,,[],,,,
1374710273093861389,1374710273093861389,1616591444000.0,2021-03-24 08:10:44,-0500,,Mejoraremos las condiciones de nuestros compatriotas en el extranjero. Junto a @keikofujimorih Lo lograremos  #YoMeQuedoEnCasa #ElPeruPrimero #KeikoPresidente2021 #VotoNaranja #MarcaLas3K #VotoInformado  https://t.co/5TGJH8YlrF,es,"['yomequedoencasa', 'elperuprimero', 'keikopresidente2021', 'votonaranja', 'marcalas3k', 'votoinformado']",[],725128670008999937,725128670008999937,LizarzaburuJuan,Juan C. Lizarzaburu,3,08,https://twitter.com/LizarzaburuJuan/status/1374710273093861389,[],['https://pbs.twimg.com/media/ExPztQQXMAIfO0i.jpg'],1,https://pbs.twimg.com/media/ExPztQQXMAIfO0i.jpg,False,2,1,1,,None,,,,,,,[],,,,
1374633761204232194,1373833259205992448,1616573202000.0,2021-03-24 03:06:42,-0500,,@PabloUrri @luchootoya Lucho Otoya va a dejar el listón en alto en el congreso. Fuerza Máquina !!!!!,es,[],[],725128670008999937,725128670008999937,LizarzaburuJuan,Juan C. Lizarzaburu,3,03,https://twitter.com/LizarzaburuJuan/status/1374633761204232194,[],[],0,,False,1,1,0,,None,,,,,,,"[{'screen_name': 'PabloUrri', 'name': 'Pablo Urribarri', 'id': '311143131'}, {'screen_name': 'luchootoya', 'name': 'Lucho Otoya', 'id': '361511219'}]",,,,
1374633528600760320,1374368448625537028,1616573147000.0,2021-03-24 03:05:47,-0500,,"@NanoGuerra4 @suselparedes Nada tiene que hacer esta mujer, en la política. Mucho populismo barato. Fuerza Nano !!",es,[],[],725128670008999937,725128670008999937,LizarzaburuJuan,Juan C. Lizarzaburu,3,03,https://twitter.com/LizarzaburuJuan/status/1374633528600760320,[],[],0,,False,0,0,0,,None,,,,,,,"[{'screen_name': 'NanoGuerra4', 'name': 'Nano Guerra', 'id': '1326713607384666112'}, {'screen_name': 'suselparedes', 'name': 'Susel Paredes # 1', 'id': '72361116'}]",,,,
1372931765837434882,1372931765837434882,1616167415000.0,2021-03-19 10:23:35,-0500,,Mejoraremos los #TramitesConsulares no más doble pago de tasas y un Sol consular justo. Junto a @keikofujimorih Lo lograremos  #YoMeQuedoEnCasa #ElPeruPrimero #KeikoPresidente2021 #VotoNaranja #MarcaLas3K #VotoInformado  https://t.co/Eq1g1GKgJR,es,"['tramitesconsulares', 'yomequedoencasa', 'elperuprimero', 'keikopresidente2021', 'votonaranja', 'marcalas3k', 'votoinformado']",[],725128670008999937,725128670008999937,LizarzaburuJuan,Juan C. Lizarzaburu,5,10,https://twitter.com/LizarzaburuJuan/status/1372931765837434882,[],['https://pbs.twimg.com/media/Ew2iKbvXAAUeRX0.jpg'],1,https://pbs.twimg.com/media/Ew2iKbvXAAUeRX0.jpg,False,0,0,0,,None,,,,,,,[],,,,
1372830500058959881,1372625328334630922,1616143271000.0,2021-03-19 03:41:11,-0500,,@MartinVizcarraC Devuelve el dinero. Tu traición no quedará impune...,es,[],[],725128670008999937,725128670008999937,LizarzaburuJuan,Juan C. Lizarzaburu,5,03,https://twitter.com/LizarzaburuJuan/status/1372830500058959881,[],[],0,,False,1,0,0,,None,,,,,,,"[{'screen_name': 'MartinVizcarraC', 'name': 'Martín Vizcarra', 'id': '4825296327'}]",,,,
1372673137482010629,1372673137482010629,1616105753000.0,2021-03-18 17:15:53,-0500,,"Los empresarios peruanos en el extranjero que den trabajo formal a compatriotas, merecen mejoras trubutarias. #yomequedoencasa #quedateencasa #elperuprimero #rescate2021  https://t.co/EVXHnqO3I8",es,"['yomequedoencasa', 'quedateencasa', 'elperuprimero', 'rescate2021']",[],725128670008999937,725128670008999937,LizarzaburuJuan,Juan C. Lizarzaburu,4,17,https://twitter.com/LizarzaburuJuan/status/1372673137482010629,[],['https://pbs.twimg.com/media/Ewy28YPXEAQxLj1.jpg'],1,https://pbs.twimg.com/media/Ewy28YPXEAQxLj1.jpg,False,0,0,0,,None,,,,,,,[],,,,
1372292244259082245,1372292244259082245,1616014941000.0,2021-03-17 16:02:21,-0500,,De la mano contigo lo lograremos. #yomequedoencasa #quedateencasa #elperuprimero #rescate2021  https://t.co/B1sIHCUQjh  https://t.co/WsFD9l4Urt,es,"['yomequedoencasa', 'quedateencasa', 'elperuprimero', 'rescate2021']",[],725128670008999937,725128670008999937,LizarzaburuJuan,Juan C. Lizarzaburu,3,16,https://twitter.com/LizarzaburuJuan/status/1372292244259082245,[],"['https://pbs.twimg.com/media/EwtchfyWQA4lzG5.jpg', 'https://pbs.twimg.com/media/EwnVILdXEAM1Kit.jpg']",1,https://pbs.twimg.com/media/EwtchfyWQA4lzG5.jpg,False,0,0,0,,None,,,,,,,[],,,,
1372060348254195713,1371980491503644675,1615959653000.0,2021-03-17 00:40:53,-0500,,"@sigridbazan Hija, anda a estudiar. En serio. El saber, no ocupa@lugar....",es,[],[],725128670008999937,725128670008999937,LizarzaburuJuan,Juan C. Lizarzaburu,3,00,https://twitter.com/LizarzaburuJuan/status/1372060348254195713,[],[],0,,False,0,0,0,,None,,,,,,,"[{'screen_name': 'sigridbazan', 'name': 'Sigrid Bazán', 'id': '54797928'}]",,,,
1371861900686950401,1371861900686950401,1615912339000.0,2021-03-16 11:32:19,-0500,,Quiero mejorar las telecomunicaciones para poder reducir los tiempos de espera y efectivizar los tramites #yomequedoencasa #quedateencasa #elperuprimero #rescate2021  https://t.co/B1sIHCUQjh,es,"['yomequedoencasa', 'quedateencasa', 'elperuprimero', 'rescate2021']",[],725128670008999937,725128670008999937,LizarzaburuJuan,Juan C. Lizarzaburu,2,11,https://twitter.com/LizarzaburuJuan/status/1371861900686950401,[],['https://pbs.twimg.com/media/EwnVILdXEAM1Kit.jpg'],1,https://pbs.twimg.com/media/EwnVILdXEAM1Kit.jpg,False,0,0,0,,None,,,,,,,[],,,,
1371472905146621957,1371472905146621957,1615819595000.0,2021-03-15 09:46:35,-0500,,Por@los peruanos en el exterior #keiko  https://t.co/yNVeyz4bQ9,es,['keiko'],[],725128670008999937,725128670008999937,LizarzaburuJuan,Juan C. Lizarzaburu,1,09,https://twitter.com/LizarzaburuJuan/status/1371472905146621957,[],['https://pbs.twimg.com/media/EwhzVHgW8AI-Uiu.jpg'],1,https://pbs.twimg.com/media/EwhzVHgW8AI-Uiu.jpg,False,1,0,0,,None,,,,,,,[],,,,
1371472109604634624,1371472109604634624,1615819406000.0,2021-03-15 09:43:26,-0500,,Keiko PERU  https://t.co/sUNXe87Wkm,lt,[],[],725128670008999937,725128670008999937,LizarzaburuJuan,Juan C. Lizarzaburu,1,09,https://twitter.com/LizarzaburuJuan/status/1371472109604634624,[],['https://pbs.twimg.com/media/EwhynE8W8Ac1iiO.jpg'],1,https://pbs.twimg.com/media/EwhynE8W8Ac1iiO.jpg,False,0,0,0,,None,,,,,,,[],,,,
1370772302950973446,1370772302950973446,1615652559000.0,2021-03-13 11:22:39,-0500,,"Como peruano (PEX), quiero lograr mejoras en la infraestructura de telecomunicaciones, cobertura y atención en los consulados para que exista un tráfico fluido de datos, colas ágiles que reduzcan los tiempos de espera. #yomequedoencasa #quedateencasa #elperuprimero #rescate2021",es,"['yomequedoencasa', 'quedateencasa', 'elperuprimero', 'rescate2021']",[],725128670008999937,725128670008999937,LizarzaburuJuan,Juan C. Lizarzaburu,6,11,https://twitter.com/LizarzaburuJuan/status/1370772302950973446,[],[],0,,False,0,0,0,,None,,,,,,,[],,,,
1369893261276545026,1369867958059728897,1615442979000.0,2021-03-11 01:09:39,-0500,,@Mauriciomulder Un abrazo Mauricio. La ley Mulder debió ser aprobada. Mi saludo,es,[],[],725128670008999937,725128670008999937,LizarzaburuJuan,Juan C. Lizarzaburu,4,01,https://twitter.com/LizarzaburuJuan/status/1369893261276545026,[],[],0,,False,13,0,3,,None,,,,,,,"[{'screen_name': 'Mauriciomulder', 'name': 'Mauricio Mulder', 'id': '235139317'}]",,,,
1369892971030732805,1369892971030732805,1615442910000.0,2021-03-11 01:08:30,-0500,, https://t.co/JG6iMSWwgt,und,[],[],725128670008999937,725128670008999937,LizarzaburuJuan,Juan C. Lizarzaburu,4,01,https://twitter.com/LizarzaburuJuan/status/1369892971030732805,[],['https://pbs.twimg.com/media/EwLWZP-WgAEu831.jpg'],1,https://pbs.twimg.com/media/EwLWZP-WgAEu831.jpg,False,0,0,0,,None,,,,,,,[],,,,
1369815273151283205,1369815273151283205,1615424385000.0,2021-03-10 19:59:45,-0500,,Los consulados peruanos  requiere de una Transformación Digital replicando primero y de manera directa a los consulados que soporten mayor carga y convertirlos en centros digitales ágiles y flexibles. #yomequedoencasa #Keiko #elperuprimero #perú #peruana #peruano  #peruvians,es,"['yomequedoencasa', 'keiko', 'elperuprimero', 'perú', 'peruana', 'peruano', 'peruvians']",[],725128670008999937,725128670008999937,LizarzaburuJuan,Juan C. Lizarzaburu,3,19,https://twitter.com/LizarzaburuJuan/status/1369815273151283205,[],[],0,,False,0,0,0,,None,,,,,,,[],,,,
1369521988746805250,1369521988746805250,1615354461000.0,2021-03-10 00:34:21,-0500,,Zonas de recreación y esparcimiento a través de acuerdos bilaterales para las #comunidades peruanas en el extranjero. #yomequedoencasa #elperuprimero  #votaporel1 #keiko #pex #peruanosenelextranjero #peruanosenelmundo,es,"['comunidades', 'yomequedoencasa', 'elperuprimero', 'votaporel1', 'keiko', 'pex', 'peruanosenelextranjero', 'peruanosenelmundo']",[],725128670008999937,725128670008999937,LizarzaburuJuan,Juan C. Lizarzaburu,3,00,https://twitter.com/LizarzaburuJuan/status/1369521988746805250,[],[],0,,False,0,0,0,,None,,,,,,,[],,,,
1369102653171630080,1369102653171630080,1615254483000.0,2021-03-08 20:48:03,-0500,,La pérdida de la nacionalidad de manera forzada por la necesidad de #homologar y #convalidar títulos es un problema real para nuestros connacionales en el extranjero.  #votaporel1 #keiko #pex #peruanosenelmundo  https://t.co/q49Ba7sraG,es,"['homologar', 'convalidar', 'votaporel1', 'keiko', 'pex', 'peruanosenelmundo']",[],725128670008999937,725128670008999937,LizarzaburuJuan,Juan C. Lizarzaburu,1,20,https://twitter.com/LizarzaburuJuan/status/1369102653171630080,[],['https://pbs.twimg.com/media/EwAHmvwWQAM1S8-.jpg'],1,https://pbs.twimg.com/media/EwAHmvwWQAM1S8-.jpg,False,1,0,0,,None,,,,,,,[],,,,
1367599458511433732,1367599458511433732,1614896094000.0,2021-03-04 17:14:54,-0500,,Keiko Fujimori es la alternativa del centro y de la derecha en el Peru,es,[],[],725128670008999937,725128670008999937,LizarzaburuJuan,Juan C. Lizarzaburu,4,17,https://twitter.com/LizarzaburuJuan/status/1367599458511433732,[],[],0,,False,0,1,0,https://twitter.com/KeikoFujimori/status/1367514392259162115,None,,,,,,,[],,,,
1365974549213442050,1365974549213442050,1614508685000.0,2021-02-28 05:38:05,-0500,,"Regresamos de Italia de ver a las bases de Fuerza Popular, enriquecedor en ideas para mejorar la vida de los peruanos aquí....  https://t.co/cEIHYFQWKk",es,[],[],725128670008999937,725128670008999937,LizarzaburuJuan,Juan C. Lizarzaburu,7,05,https://twitter.com/LizarzaburuJuan/status/1365974549213442050,[],['https://pbs.twimg.com/media/EvTqmzVXcAEs8jF.jpg'],1,https://pbs.twimg.com/media/EvTqmzVXcAEs8jF.jpg,False,0,0,0,,None,,,,,,,[],,,,
1363720199929798656,1363683884551049216,1613971207000.0,2021-02-22 00:20:07,-0500,,@DiaDatv Keiko PERU,lt,[],[],725128670008999937,725128670008999937,LizarzaburuJuan,Juan C. Lizarzaburu,1,00,https://twitter.com/LizarzaburuJuan/status/1363720199929798656,[],[],0,,False,0,0,0,,None,,,,,,,"[{'screen_name': 'DiaDatv', 'name': 'Día D', 'id': '220547886'}]",,,,
1362634009340215300,1362634009340215300,1613712238000.0,2021-02-19 00:23:58,-0500,,Por los peruanos en el exterior...PEX  https://t.co/KsE7YfLKF7,es,[],[],725128670008999937,725128670008999937,LizarzaburuJuan,Juan C. Lizarzaburu,5,00,https://twitter.com/LizarzaburuJuan/status/1362634009340215300,[],['https://pbs.twimg.com/media/EukMaGbWQAABPrJ.jpg'],1,https://pbs.twimg.com/media/EukMaGbWQAABPrJ.jpg,False,0,0,0,,None,,,,,,,[],,,,
1362012765452386304,1361472156299890690,1613564122000.0,2021-02-17 07:15:22,-0500,,@NanoGuerra4 Vamos Nano. Ya tendré el gusto de conocerte. Keiko PERU!!!,es,[],[],725128670008999937,725128670008999937,LizarzaburuJuan,Juan C. Lizarzaburu,3,07,https://twitter.com/LizarzaburuJuan/status/1362012765452386304,[],[],0,,False,1,0,0,,None,,,,,,,"[{'screen_name': 'NanoGuerra4', 'name': 'Nano Guerra', 'id': '1326713607384666112'}]",,,,
1361676936913842177,1361666974191919107,1613484055000.0,2021-02-16 09:00:55,-0500,,@WaykaPeru @KeikoFujimori @FiscaliaPeru Wayka fui yo quien te llamo desde Madrid porque me buscabas. Hoy me respondes vinculándome a Odebrecht.  Nicol Leon habló conmigo y su celular es 991995558.......igual le deseo lo@mejor y espero sea buena periodista .......con noticias veraces y alejadas del odio.....,es,[],[],725128670008999937,725128670008999937,LizarzaburuJuan,Juan C. Lizarzaburu,2,09,https://twitter.com/LizarzaburuJuan/status/1361676936913842177,[],[],0,,False,0,0,0,,None,,,,,,,"[{'screen_name': 'WaykaPeru', 'name': '🇵🇪 Wayka📢', 'id': '2180222485'}, {'screen_name': 'KeikoFujimori', 'name': 'Keiko Fujimori', 'id': '53189543'}, {'screen_name': 'FiscaliaPeru', 'name': 'Ministerio Público', 'id': '302151609'}]",,,,
1358152664312381440,1358152664312381440,1612643803000.0,2021-02-06 15:36:43,-0500,, https://t.co/uHpUZTKC32,und,[],[],725128670008999937,725128670008999937,LizarzaburuJuan,Juan C. Lizarzaburu,6,15,https://twitter.com/LizarzaburuJuan/status/1358152664312381440,['https://youtu.be/VG69xrZUjiQ'],[],0,,False,0,0,0,,None,,,,,,,[],,,,
1357897540507729920,1357785579920982022,1612582976000.0,2021-02-05 22:42:56,-0500,,@julioguzmanperu @FSagasti Llevas la@camiseta número 10 dedicada al hueveo. Olvidalo No serás presidente.,es,[],[],725128670008999937,725128670008999937,LizarzaburuJuan,Juan C. Lizarzaburu,5,22,https://twitter.com/LizarzaburuJuan/status/1357897540507729920,[],[],0,,False,0,0,0,,None,,,,,,,"[{'screen_name': 'julioguzmanperu', 'name': 'Julio Guzmán', 'id': '3044790214'}, {'screen_name': 'FSagasti', 'name': 'Francisco Sagasti', 'id': '472996281'}]",,,,
1357897337318875137,1357749571997294593,1612582928000.0,2021-02-05 22:42:08,-0500,,@MartinVizcarraC Das vergüenza ajena. Lo juro. Que vergüenza de individuo........,es,[],[],725128670008999937,725128670008999937,LizarzaburuJuan,Juan C. Lizarzaburu,5,22,https://twitter.com/LizarzaburuJuan/status/1357897337318875137,[],[],0,,False,0,0,0,,None,,,,,,,"[{'screen_name': 'MartinVizcarraC', 'name': 'Martín Vizcarra', 'id': '4825296327'}]",,,,
1357602302207668224,1357298976895225862,1612512586000.0,2021-02-05 03:09:46,-0500,,@CostaGino Haz un favor: Deja la@política . No sirves para servir.,es,[],[],725128670008999937,725128670008999937,LizarzaburuJuan,Juan C. Lizarzaburu,5,03,https://twitter.com/LizarzaburuJuan/status/1357602302207668224,[],[],0,,False,0,0,0,,None,,,,,,,"[{'screen_name': 'CostaGino', 'name': 'Gino Costa 🇵🇪', 'id': '4363374021'}]",,,,
1356651506347487233,1356651506347487233,1612285899000.0,2021-02-02 12:11:39,-0500,, https://t.co/RDKbpDFCNi,und,[],[],725128670008999937,725128670008999937,LizarzaburuJuan,Juan C. Lizarzaburu,2,12,https://twitter.com/LizarzaburuJuan/status/1356651506347487233,[],['https://pbs.twimg.com/media/EtPLWjeXUAsiMQT.jpg'],1,https://pbs.twimg.com/media/EtPLWjeXUAsiMQT.jpg,False,1,0,0,,None,,,,,,,[],,,,
1356289066136969218,1356289066136969218,1612199486000.0,2021-02-01 12:11:26,-0500,, https://t.co/rwGMWZeVZX,und,[],[],725128670008999937,725128670008999937,LizarzaburuJuan,Juan C. Lizarzaburu,1,12,https://twitter.com/LizarzaburuJuan/status/1356289066136969218,[],['https://pbs.twimg.com/media/EtKBtxWXMAA3vXe.jpg'],1,https://pbs.twimg.com/media/EtKBtxWXMAA3vXe.jpg,False,1,0,0,,None,,,,,,,[],,,,
1351526027739205632,1351526027739205632,1611063889000.0,2021-01-19 08:44:49,-0500,,Por los peruanos en el exterior  https://t.co/OauJAHzsER,es,[],[],725128670008999937,725128670008999937,LizarzaburuJuan,Juan C. Lizarzaburu,2,08,https://twitter.com/LizarzaburuJuan/status/1351526027739205632,[],['https://pbs.twimg.com/media/EsGVv4tXEAA_CVK.jpg'],1,https://pbs.twimg.com/media/EsGVv4tXEAA_CVK.jpg,False,1,1,0,,None,,,,,,,[],,,,
1351272489071030274,1351260121100406786,1611003441000.0,2021-01-18 15:57:21,-0500,,@KeikoFujimori @americatv_peru El destino hará justicia contigo..... La verdad se impondrá.... Keiko PERU ...,es,[],[],725128670008999937,725128670008999937,LizarzaburuJuan,Juan C. Lizarzaburu,1,15,https://twitter.com/LizarzaburuJuan/status/1351272489071030274,[],[],0,,False,1,0,0,,None,,,,,,,"[{'screen_name': 'KeikoFujimori', 'name': 'Keiko Fujimori', 'id': '53189543'}, {'screen_name': 'americatv_peru', 'name': 'América', 'id': '191660831'}]",,,,
1351272141300375552,1351270855091904512,1611003358000.0,2021-01-18 15:55:58,-0500,,@adrianatudelag Buenas vibras para ti. Joven y valiosa. Tu destino con la patria está escrito.....,es,[],[],725128670008999937,725128670008999937,LizarzaburuJuan,Juan C. Lizarzaburu,1,15,https://twitter.com/LizarzaburuJuan/status/1351272141300375552,[],[],0,,False,0,0,0,,None,,,,,,,"[{'screen_name': 'adrianatudelag', 'name': 'Adriana Tudela Gutiérrez', 'id': '1160702096'}]",,,,
1349741618929143810,1349526347597697024,1610638453000.0,2021-01-14 10:34:13,-0500,,@Ollanta_HumalaT Devuelve básicamente lo que te has hecho@empieza por los terrenos de Chinchero,es,[],[],725128670008999937,725128670008999937,LizarzaburuJuan,Juan C. Lizarzaburu,4,10,https://twitter.com/LizarzaburuJuan/status/1349741618929143810,[],[],0,,False,0,0,0,,None,,,,,,,"[{'screen_name': 'Ollanta_HumalaT', 'name': 'Ollanta Humala Tasso', 'id': '151190865'}]",,,,
1348733374354100224,1348733374354100224,1610398069000.0,2021-01-11 15:47:49,-0500,,Postulo al congreso con el # 1 Por los Peruanos en el exterior. Soluciones Mejorar el TI de@los centros con muchos usuarios compatriotas.  https://t.co/Y9gMdGxNaS,es,[],[],725128670008999937,725128670008999937,LizarzaburuJuan,Juan C. Lizarzaburu,1,15,https://twitter.com/LizarzaburuJuan/status/1348733374354100224,[],['https://pbs.twimg.com/media/Erep2cXWMAERPPf.jpg'],1,https://pbs.twimg.com/media/Erep2cXWMAERPPf.jpg,False,0,0,0,,None,,,,,,,[],,,,
1348359031392509954,1347981469294223360,1610308819000.0,2021-01-10 15:00:19,-0500,,@julioguzmanperu Puro GAS...... nada concreto....,es,[],[],725128670008999937,725128670008999937,LizarzaburuJuan,Juan C. Lizarzaburu,7,15,https://twitter.com/LizarzaburuJuan/status/1348359031392509954,[],[],0,,False,0,0,0,,None,,,,,,,"[{'screen_name': 'julioguzmanperu', 'name': 'Julio Guzmán', 'id': '3044790214'}]",,,,
1346817925563473923,1346811537571328000,1609941390000.0,2021-01-06 08:56:30,-0500,,@luchootoya Fujimori Liberta !!!,es,[],[],725128670008999937,725128670008999937,LizarzaburuJuan,Juan C. Lizarzaburu,3,08,https://twitter.com/LizarzaburuJuan/status/1346817925563473923,[],[],0,,False,2,0,0,,None,,,,,,,"[{'screen_name': 'luchootoya', 'name': 'Lucho Otoya', 'id': '361511219'}]",,,,
1346798311659995139,1346620724258201601,1609936714000.0,2021-01-06 07:38:34,-0500,,@Ollanta_HumalaT Devuelve primero que nada. Comandante de artillería. Luego que devuelvan la Orden del Sol que se autoimpusieron tus ministros...... Esas medallas: a los del VRAE No podías caminar derecho???,es,[],[],725128670008999937,725128670008999937,LizarzaburuJuan,Juan C. Lizarzaburu,3,07,https://twitter.com/LizarzaburuJuan/status/1346798311659995139,[],[],0,,False,1,0,0,,None,,,,,,,"[{'screen_name': 'Ollanta_HumalaT', 'name': 'Ollanta Humala Tasso', 'id': '151190865'}]",,,,
1345023660554391552,1345023660554391552,1609513604000.0,2021-01-01 10:06:44,-0500,,Feliz año para todos. Este 2021 erradiquemos a quienes no sirvan a nuestro PERU  https://t.co/ySqVh5VYHo,es,[],[],725128670008999937,725128670008999937,LizarzaburuJuan,Juan C. Lizarzaburu,5,10,https://twitter.com/LizarzaburuJuan/status/1345023660554391552,[],['https://pbs.twimg.com/media/Eqp74yHXMAAwidG.jpg'],1,https://pbs.twimg.com/media/Eqp74yHXMAAwidG.jpg,False,0,0,0,,None,,,,,,,[],,,,
1345021971508166657,1345015394860462080,1609513201000.0,2021-01-01 10:00:01,-0500,,@A_Aguinaga Así es Alejandro. Este es el año del cambio. Es el año de la reconstrucción del Peru,es,[],[],725128670008999937,725128670008999937,LizarzaburuJuan,Juan C. Lizarzaburu,5,10,https://twitter.com/LizarzaburuJuan/status/1345021971508166657,[],[],0,,False,0,0,0,,None,,,,,,,"[{'screen_name': 'A_Aguinaga', 'name': 'Alejandro Aguinaga R', 'id': '921066306'}]",,,,
1344861577435095043,1344461266937552898,1609474961000.0,2020-12-31 23:22:41,-0500,,"@julioguzmanperu @pcmperu @MininterPeru @ComJusticiaDDHH @PePeElice Yo creo que el esfuerzo de entrenar para ser el más tonto, da sus frutos......",es,[],[],725128670008999937,725128670008999937,LizarzaburuJuan,Juan C. Lizarzaburu,4,23,https://twitter.com/LizarzaburuJuan/status/1344861577435095043,[],[],0,,False,0,0,0,,None,,,,,,,"[{'screen_name': 'julioguzmanperu', 'name': 'Julio Guzmán', 'id': '3044790214'}, {'screen_name': 'pcmperu', 'name': 'Consejo de Ministros', 'id': '173020528'}, {'screen_name': 'MininterPeru', 'name': 'Ministerio del Interior 🇵🇪', 'id': '98964508'}, {'screen_name': 'ComJusticiaDDHH', 'name': 'Comisión de Justicia y DDHH del Congreso del Perú', 'id': '1285741784635711489'}, {'screen_name': 'PePeElice', 'name': 'José Elice', 'id': '812526120230879232'}]",,,,
1344861302552981504,1344461266937552898,1609474895000.0,2020-12-31 23:21:35,-0500,,"@julioguzmanperu @pcmperu @MininterPeru @ComJusticiaDDHH @PePeElice No eres más tonto, porque no entrenas......",es,[],[],725128670008999937,725128670008999937,LizarzaburuJuan,Juan C. Lizarzaburu,4,23,https://twitter.com/LizarzaburuJuan/status/1344861302552981504,[],[],0,,False,0,0,0,,None,,,,,,,"[{'screen_name': 'julioguzmanperu', 'name': 'Julio Guzmán', 'id': '3044790214'}, {'screen_name': 'pcmperu', 'name': 'Consejo de Ministros', 'id': '173020528'}, {'screen_name': 'MininterPeru', 'name': 'Ministerio del Interior 🇵🇪', 'id': '98964508'}, {'screen_name': 'ComJusticiaDDHH', 'name': 'Comisión de Justicia y DDHH del Congreso del Perú', 'id': '1285741784635711489'}, {'screen_name': 'PePeElice', 'name': 'José Elice', 'id': '812526120230879232'}]",,,,
