id,conversation_id,created_at,date,timezone,place,tweet,language,hashtags,cashtags,user_id,user_id_str,username,name,day,hour,link,urls,photos,video,thumbnail,retweet,nlikes,nreplies,nretweets,quote_url,search,near,geo,source,user_rt_id,user_rt,retweet_id,reply_to,retweet_date,translate,trans_src,trans_dest
1380549845627310082,1380549845627310082,1617983707000.0,2021-04-09 10:55:07,-0500,,Así funciona un verdadero equipo con un gran liderazgo. Vamos todos con @KeikoFujimori y @PFuerzaPopular  https://t.co/LWnaSMuTf8,es,[],[],1326713607384666112,1326713607384666112,NanoGuerra4,Nano Guerra,5,10,https://twitter.com/NanoGuerra4/status/1380549845627310082,[],[],1,https://pbs.twimg.com/ext_tw_video_thumb/1380549713812930563/pu/img/oKgk72NAtuAX651o.jpg,False,404,42,143,,None,,,,,,,[],,,,
1379922437387739148,1379922437387739148,1617834121000.0,2021-04-07 17:22:01,-0500,,"Me escribe un emprendedor para contarme que en Malvitec, la @MuniLima, está multando y clausurando locales de emprendedores, en plena pandemia y crisis económica. El Estado ineficiente, se pone fuerte con el débil. Los abusivos de siempre, esto debe terminar!  https://t.co/k3j6jPxDHg",es,[],[],1326713607384666112,1326713607384666112,NanoGuerra4,Nano Guerra,3,17,https://twitter.com/NanoGuerra4/status/1379922437387739148,[],[],1,https://pbs.twimg.com/ext_tw_video_thumb/1379922344949522434/pu/img/VBaNhwtHYvFhnPQe.jpg,False,285,46,118,,None,,,,,,,[],,,,
1379202110202462208,1379202110202462208,1617662382000.0,2021-04-05 17:39:42,-0500,,Los vicios éticos del Ensayo de Sinopharm. @ErnesBustamante   https://t.co/RC8CECoSip,es,[],[],1326713607384666112,1326713607384666112,NanoGuerra4,Nano Guerra,1,17,https://twitter.com/NanoGuerra4/status/1379202110202462208,['https://www.lampadia.com/analisis/salud/los-vicios-eticos-y-cientificos-del-ensayo-clinico-de-las-vacunas-sinopharm-en-peru'],[],0,,False,18,0,10,,None,,,,,,,[],,,,
1379136809721069575,1379082429730856960,1617646813000.0,2021-04-05 13:20:13,-0500,,@pattper99 @Conanacen @AnaCeciliaGarz6 @PFuerzaPopular Hola! Este link te puede servir:   https://t.co/lxUSIBYvKJ,es,[],[],1326713607384666112,1326713607384666112,NanoGuerra4,Nano Guerra,1,13,https://twitter.com/NanoGuerra4/status/1379136809721069575,['https://especiales.elcomercio.pe/?q=especiales/elecciones-2021-conoce-candidatos-partidos-politicos-nndd-ecvisual-ecpm/index.html'],[],0,,False,5,2,0,,None,,,,,,,"[{'screen_name': 'pattper99', 'name': 'Pmafalda', 'id': '208859962'}, {'screen_name': 'Conanacen', 'name': 'Nina', 'id': '721121670'}, {'screen_name': 'AnaCeciliaGarz6', 'name': 'Ana Cecilia Garzon', 'id': '1329285900099088384'}, {'screen_name': 'PFuerzaPopular', 'name': 'Partido Político Fuerza Popular 🇵🇪', 'id': '721086806'}]",,,,
1379095569516355587,1379095569516355587,1617636980000.0,2021-04-05 10:36:20,-0500,,En breves momentos estaré en el debate de VNP.  Lo pueden ver desde aquí :   https://t.co/iOEE93J2K0  https://t.co/dZvgvIIWfJ,es,[],[],1326713607384666112,1326713607384666112,NanoGuerra4,Nano Guerra,1,10,https://twitter.com/NanoGuerra4/status/1379095569516355587,['https://www.facebook.com/vnptv.pe'],['https://pbs.twimg.com/media/EyOIG9SW8A4I1FR.jpg'],1,https://pbs.twimg.com/media/EyOIG9SW8A4I1FR.jpg,False,21,2,7,,None,,,,,,,[],,,,
1379082429730856960,1379082429730856960,1617633848000.0,2021-04-05 09:44:08,-0500,,"Con Gaviota, agente del GEIN y heroína peruana que formó parte del grupo de captura al terrorista Abimael Guzmán. @AnaCeciliaGarz6 va con el número de 10 de @PFuerzaPopular  https://t.co/CetVsnoMvk",es,[],[],1326713607384666112,1326713607384666112,NanoGuerra4,Nano Guerra,1,09,https://twitter.com/NanoGuerra4/status/1379082429730856960,[],['https://pbs.twimg.com/media/EyN8KFsWQAcWZ-8.jpg'],1,https://pbs.twimg.com/media/EyN8KFsWQAcWZ-8.jpg,False,347,54,94,,None,,,,,,,[],,,,
1378914611546689539,1378758613318111244,1617593837000.0,2021-04-04 22:37:17,-0500,,@Alberto90236405 @RZP140650 Lo que he visto es que muchos no la usan bien! Importante también eso. Hay que usarlas!!,es,[],[],1326713607384666112,1326713607384666112,NanoGuerra4,Nano Guerra,7,22,https://twitter.com/NanoGuerra4/status/1378914611546689539,[],[],0,,False,3,1,0,,None,,,,,,,"[{'screen_name': 'Alberto90236405', 'name': 'Alberto', 'id': '1334329497559117825'}, {'screen_name': 'RZP140650', 'name': '@UNFULANOCUALKIERA', 'id': '4375830320'}]",,,,
1378909774557933568,1378909774557933568,1617592683000.0,2021-04-04 22:18:03,-0500,,Aquí pueden ver la excelente entrevista que me hizo @KeikoFujimori. ¡No se la pierdan!    https://t.co/aSq4zfXlL1,es,[],[],1326713607384666112,1326713607384666112,NanoGuerra4,Nano Guerra,7,22,https://twitter.com/NanoGuerra4/status/1378909774557933568,['https://www.facebook.com/watch/?v=882208062338177'],[],0,,False,233,60,72,,None,,,,,,,[],,,,
1378782496314290177,1378758613318111244,1617562338000.0,2021-04-04 13:52:18,-0500,,"@yedalar Gracias por el valioso aporte, no lo había escuchado hasta ahora.",es,[],[],1326713607384666112,1326713607384666112,NanoGuerra4,Nano Guerra,7,13,https://twitter.com/NanoGuerra4/status/1378782496314290177,[],[],0,,False,1,2,0,,None,,,,,,,"[{'screen_name': 'yedalar', 'name': 'Keiko No Va!', 'id': '277609568'}]",,,,
1378782357130469384,1378758613318111244,1617562305000.0,2021-04-04 13:51:45,-0500,,@JocGina Mucha fuerza!,es,[],[],1326713607384666112,1326713607384666112,NanoGuerra4,Nano Guerra,7,13,https://twitter.com/NanoGuerra4/status/1378782357130469384,[],[],0,,False,1,0,0,,None,,,,,,,"[{'screen_name': 'JocGina', 'name': 'Gina', 'id': '885974211050778624'}]",,,,
1378758613318111244,1378758613318111244,1617556644000.0,2021-04-04 12:17:24,-0500,,"No se descuiden, el virus está avanzando con fuerza por todo el país. A protegerse con distancia, mascarillas y lavado de manos. Eviten lugares con mucha gente y entornos cerrados. No se automediquen y cuiden a los suyos. 😷",es,[],[],1326713607384666112,1326713607384666112,NanoGuerra4,Nano Guerra,7,12,https://twitter.com/NanoGuerra4/status/1378758613318111244,[],[],0,,False,261,12,63,,None,,,,,,,[],,,,
1378749128310657036,1378749128310657036,1617554382000.0,2021-04-04 11:39:42,-0500,,Hoy en la noche estaré en @PuntoFinalOf  #FuerzaNaranja  https://t.co/427ukdhlUQ,es,['fuerzanaranja'],[],1326713607384666112,1326713607384666112,NanoGuerra4,Nano Guerra,7,11,https://twitter.com/NanoGuerra4/status/1378749128310657036,[],['https://pbs.twimg.com/media/EyJNBZNWQAEQhw8.jpg'],1,https://pbs.twimg.com/media/EyJNBZNWQAEQhw8.jpg,False,92,7,30,,None,,,,,,,[],,,,
1378742264328028163,1378742264328028163,1617552746000.0,2021-04-04 11:12:26,-0500,,"Las dos encuestas, como últimas fotos publicables, confirman que @KeikoFujimori y @PFuerzaPopular están a un paso de la segunda vuelta. ¡Gracias a toda la fuerza fujimorista y al Perú por su constante apoyo! 🍊🔥  https://t.co/bdUM3XdExl",es,[],[],1326713607384666112,1326713607384666112,NanoGuerra4,Nano Guerra,7,11,https://twitter.com/NanoGuerra4/status/1378742264328028163,[],"['https://pbs.twimg.com/media/EyJGxcFWEAQ2R2O.jpg', 'https://pbs.twimg.com/media/EyJGxztXEAEL8r6.jpg']",1,https://pbs.twimg.com/media/EyJGxcFWEAQ2R2O.jpg,False,263,39,86,,None,,,,,,,[],,,,
1378372984877019142,1378372984877019142,1617464703000.0,2021-04-03 10:45:03,-0500,,Tuve el honor de ser entrevistado en FPTV por @KeikoFujimori. Atentos que la entrevista sale mañana. @PFuerzaPopular  https://t.co/xElVlvnhQl,es,[],[],1326713607384666112,1326713607384666112,NanoGuerra4,Nano Guerra,6,10,https://twitter.com/NanoGuerra4/status/1378372984877019142,[],[],1,https://pbs.twimg.com/ext_tw_video_thumb/1378372867465809921/pu/img/l8TBermXUrXDOBP7.jpg,False,343,46,120,,None,,,,,,,[],,,,
1378338359161065474,1378338359161065474,1617456447000.0,2021-04-03 08:27:27,-0500,,Hoy estaré conversando sobre la ciencia y la universidad pública con los amigos de @cientificospe. ¡No dejen de ver nuestras propuestas!,es,[],[],1326713607384666112,1326713607384666112,NanoGuerra4,Nano Guerra,6,08,https://twitter.com/NanoGuerra4/status/1378338359161065474,[],[],0,,False,20,1,7,https://twitter.com/cientificospe/status/1378264718331219969,None,,,,,,,[],,,,
1378073882976980999,1378073882976980999,1617393391000.0,2021-04-02 14:56:31,-0500,,Este 11 de abril con @PFuerzaPopular y @KeikoFujimori llegamos a la segunda vuelta!  https://t.co/2zqzSS7ECg,es,[],[],1326713607384666112,1326713607384666112,NanoGuerra4,Nano Guerra,5,14,https://twitter.com/NanoGuerra4/status/1378073882976980999,[],[],1,https://pbs.twimg.com/ext_tw_video_thumb/1378073784750641152/pu/img/gv359DVG41BtKrRY.jpg,False,224,18,75,,None,,,,,,,[],,,,
1378057318596812803,1378057318596812803,1617389442000.0,2021-04-02 13:50:42,-0500,,Hacer empresa en el Perú es casi como una película.  https://t.co/mjym1yNDBt,es,[],[],1326713607384666112,1326713607384666112,NanoGuerra4,Nano Guerra,5,13,https://twitter.com/NanoGuerra4/status/1378057318596812803,[],[],1,https://pbs.twimg.com/ext_tw_video_thumb/1378057170084888577/pu/img/sal2w_Ug8IRXe2Na.jpg,False,135,13,62,,None,,,,,,,[],,,,
1377734097754337290,1377734097754337290,1617312380000.0,2021-04-01 16:26:20,-0500,,"Este sábado 3, a las 5 pm, estaré con los capos de @cientificospe hablando sobre nuestras propuestas en ciencia y universidad.  https://t.co/B6fdgppooC",es,[],[],1326713607384666112,1326713607384666112,NanoGuerra4,Nano Guerra,4,16,https://twitter.com/NanoGuerra4/status/1377734097754337290,[],['https://pbs.twimg.com/media/Ex6x2sPXEAAHf7z.jpg'],1,https://pbs.twimg.com/media/Ex6x2sPXEAAHf7z.jpg,False,54,4,18,,None,,,,,,,[],,,,
1377681325784772610,1377680176247607296,1617299798000.0,2021-04-01 12:56:38,-0500,,@RZP140650 Muchos saludos para ti mi querido fulano cualquiera!,es,[],[],1326713607384666112,1326713607384666112,NanoGuerra4,Nano Guerra,4,12,https://twitter.com/NanoGuerra4/status/1377681325784772610,[],[],0,,False,7,2,0,,None,,,,,,,"[{'screen_name': 'RZP140650', 'name': '@UNFULANOCUALKIERA', 'id': '4375830320'}]",,,,
1377665621694017536,1377665621694017536,1617296054000.0,2021-04-01 11:54:14,-0500,,¡Pronta recuperación @luchogalarreta!,es,[],[],1326713607384666112,1326713607384666112,NanoGuerra4,Nano Guerra,4,11,https://twitter.com/NanoGuerra4/status/1377665621694017536,[],[],0,,False,88,2,15,https://twitter.com/KeikoFujimori/status/1377664165305843712,None,,,,,,,[],,,,
1377639982404407302,1377467134851289088,1617289941000.0,2021-04-01 10:12:21,-0500,,"@MoisesPiscoya Excelente trabajo Moisés, felicitaciones!",es,[],[],1326713607384666112,1326713607384666112,NanoGuerra4,Nano Guerra,4,10,https://twitter.com/NanoGuerra4/status/1377639982404407302,[],[],0,,False,3,0,0,,None,,,,,,,"[{'screen_name': 'MoisesPiscoya', 'name': 'Moisés Piscoya', 'id': '313054671'}]",,,,
1377637715936739329,1377637715936739329,1617289401000.0,2021-04-01 10:03:21,-0500,,Seguimos a un paso de la segunda vuelta. Los debates evidenciaron que @KeikoFujimori es la mejor preparada. Que los otros sigan leyendo mal sin decir nada y citando a terroristas. @PFuerzaPopular sigue sólido y creciendo.,es,[],[],1326713607384666112,1326713607384666112,NanoGuerra4,Nano Guerra,4,10,https://twitter.com/NanoGuerra4/status/1377637715936739329,[],[],0,,False,209,32,73,https://twitter.com/Gestionpe/status/1377591577858564096,None,,,,,,,[],,,,
1377409476261601283,1377409476261601283,1617234984000.0,2021-03-31 18:56:24,-0500,,"Quería ver el debate un rato, pero veo que han programado un taller de lectura.",es,[],[],1326713607384666112,1326713607384666112,NanoGuerra4,Nano Guerra,3,18,https://twitter.com/NanoGuerra4/status/1377409476261601283,[],[],0,,False,197,29,41,,None,,,,,,,[],,,,
1376912316508299271,1376912316508299271,1617116452000.0,2021-03-30 10:00:52,-0500,,"Lo que no comprenden es que eres informal, no porque no entiendes, si no porque lo hacen mal.  https://t.co/GlRVjbRHj0",es,[],[],1326713607384666112,1326713607384666112,NanoGuerra4,Nano Guerra,2,10,https://twitter.com/NanoGuerra4/status/1376912316508299271,[],[],1,https://pbs.twimg.com/ext_tw_video_thumb/1376912210807681026/pu/img/wDAB9i_ExiyacZQy.jpg,False,235,22,90,,None,,,,,,,[],,,,
1376883691675324423,1376883691675324423,1617109628000.0,2021-03-30 08:07:08,-0500,,¡Gracias!,es,[],[],1326713607384666112,1326713607384666112,NanoGuerra4,Nano Guerra,2,08,https://twitter.com/NanoGuerra4/status/1376883691675324423,[],[],0,,False,21,2,5,https://twitter.com/PolitologosD/status/1376699357584580611,None,,,,,,,[],,,,
1376722540463292416,1376702365785542658,1617071206000.0,2021-03-29 21:26:46,-0500,,@ThisSugar @KeikoFujimori Jaaaaaa si me la han dicho🤣,es,[],[],1326713607384666112,1326713607384666112,NanoGuerra4,Nano Guerra,1,21,https://twitter.com/NanoGuerra4/status/1376722540463292416,[],[],0,,False,1,0,0,,None,,,,,,,"[{'screen_name': 'ThisSugar', 'name': 'ummmpatas', 'id': '1113983275016519685'}, {'screen_name': 'KeikoFujimori', 'name': 'Keiko Fujimori', 'id': '53189543'}]",,,,
1376702365785542658,1376702365785542658,1617066396000.0,2021-03-29 20:06:36,-0500,,Seguimos en el #DebatePresidencialJNE. Va muy bien @KeikoFujimori  https://t.co/ic8vaZpD9F,es,['debatepresidencialjne'],[],1326713607384666112,1326713607384666112,NanoGuerra4,Nano Guerra,1,20,https://twitter.com/NanoGuerra4/status/1376702365785542658,[],['https://pbs.twimg.com/media/ExsHgGbW8AEfYXL.jpg'],1,https://pbs.twimg.com/media/ExsHgGbW8AEfYXL.jpg,False,244,23,34,,None,,,,,,,[],,,,
1376673867419242497,1376673867419242497,1617059602000.0,2021-03-29 18:13:22,-0500,,"Ya estamos con @KeikoFujimori, completamente lista para el #DebatePresidencialJNE  https://t.co/ELqzRgny5C",es,['debatepresidencialjne'],[],1326713607384666112,1326713607384666112,NanoGuerra4,Nano Guerra,1,18,https://twitter.com/NanoGuerra4/status/1376673867419242497,[],['https://pbs.twimg.com/media/ExrtlNTWEAgpsOh.jpg'],1,https://pbs.twimg.com/media/ExrtlNTWEAgpsOh.jpg,False,238,8,44,,None,,,,,,,[],,,,
1376623485607378950,1376623485607378950,1617047590000.0,2021-03-29 14:53:10,-0500,,Hoy estaré con @MavilaHuertasC en @canalN_ después del debate presidencial.  https://t.co/r2v65G91sb,es,[],[],1326713607384666112,1326713607384666112,NanoGuerra4,Nano Guerra,1,14,https://twitter.com/NanoGuerra4/status/1376623485607378950,[],['https://pbs.twimg.com/media/Exq_wmAWYAkB9E7.jpg'],1,https://pbs.twimg.com/media/Exq_wmAWYAkB9E7.jpg,False,101,2,25,,None,,,,,,,[],,,,
1376267329550553091,1376267329550553091,1616962675000.0,2021-03-28 15:17:55,-0500,,"El candidato López apelando al machismo, preocupado por su estancamiento y la olita que no creció más.",es,[],[],1326713607384666112,1326713607384666112,NanoGuerra4,Nano Guerra,7,15,https://twitter.com/NanoGuerra4/status/1376267329550553091,[],[],0,,False,75,26,31,https://twitter.com/diarioojo/status/1376171462093078536,None,,,,,,,[],,,,
1376240676669685760,1376233861408043016,1616956321000.0,2021-03-28 13:32:01,-0500,,@huaynamallku @AnaCeciliaGarz6 A 3.5% del primer lugar en la encuesta de hoy. ¿No te parece cerca querido Víctor?,es,[],[],1326713607384666112,1326713607384666112,NanoGuerra4,Nano Guerra,7,13,https://twitter.com/NanoGuerra4/status/1376240676669685760,[],[],0,,False,1,1,0,,None,,,,,,,"[{'screen_name': 'huaynamallku', 'name': 'Victor Macedo Barrer', 'id': '1343494970'}, {'screen_name': 'AnaCeciliaGarz6', 'name': 'Ana Cecilia Garzon', 'id': '1329285900099088384'}]",,,,
1376236205864538114,1376236205864538114,1616955255000.0,2021-03-28 13:14:15,-0500,,"¡Vamos naranjas! Que sigan insultando, lo que vale está en las urnas. ¡Arriba Perú! 🍊🚨🇵🇪  https://t.co/9OpjBZ5xfL",es,[],[],1326713607384666112,1326713607384666112,NanoGuerra4,Nano Guerra,7,13,https://twitter.com/NanoGuerra4/status/1376236205864538114,[],[],1,https://pbs.twimg.com/ext_tw_video_thumb/1376236078227656707/pu/img/X6RHvWYc8L0HkDMb.jpg,False,334,32,93,,None,,,,,,,[],,,,
1376233861408043016,1376233861408043016,1616954696000.0,2021-03-28 13:04:56,-0500,,Unidos en esta gran campaña. ¡Muy cerca de la segunda vuelta! @AnaCeciliaGarz6,es,[],[],1326713607384666112,1326713607384666112,NanoGuerra4,Nano Guerra,7,13,https://twitter.com/NanoGuerra4/status/1376233861408043016,[],[],0,,False,85,13,18,https://twitter.com/AnaCeciliaGarz6/status/1375918650876628992,None,,,,,,,[],,,,
1375832283530158086,1375575897579925518,1616858952000.0,2021-03-27 10:29:12,-0500,,@psecada ¡Suerte en tu campaña Pablo! Espero que lleguemos al Congreso y aportemos al Perú.,es,[],[],1326713607384666112,1326713607384666112,NanoGuerra4,Nano Guerra,6,10,https://twitter.com/NanoGuerra4/status/1375832283530158086,[],[],0,,False,1,0,0,,None,,,,,,,"[{'screen_name': 'psecada', 'name': 'Pablo Secada', 'id': '29301073'}]",,,,
1375818323594731522,1375818323594731522,1616855624000.0,2021-03-27 09:33:44,-0500,,¡Que tengan un excelente fin de semana!,es,[],[],1326713607384666112,1326713607384666112,NanoGuerra4,Nano Guerra,6,09,https://twitter.com/NanoGuerra4/status/1375818323594731522,[],[],0,,False,6,1,1,https://twitter.com/JaimeAbensur/status/1375435913933815815,None,,,,,,,[],,,,
1375817929028145155,1375575897579925518,1616855530000.0,2021-03-27 09:32:10,-0500,,"@pacopini666 @mantocapocho @SILVYTA27 Cinco tweets me dedicaste Paquito, gracias por tu tiempo!",es,[],[],1326713607384666112,1326713607384666112,NanoGuerra4,Nano Guerra,6,09,https://twitter.com/NanoGuerra4/status/1375817929028145155,[],[],0,,False,1,2,0,,None,,,,,,,"[{'screen_name': 'pacopini666', 'name': 'Paco', 'id': '311045475'}, {'screen_name': 'mantocapocho', 'name': 'Manuel G.C.⚽🇵🇪👨\u200d👨\u200d👦🍛', 'id': '2604461934'}, {'screen_name': 'SILVYTA27', 'name': 'SILVIA', 'id': '447616428'}]",,,,
1375628720166297601,1375575897579925518,1616810419000.0,2021-03-26 21:00:19,-0500,,@jcano88184 Y estas viendo y comentando con agresividad las redes del palo que te parece malo.,es,[],[],1326713607384666112,1326713607384666112,NanoGuerra4,Nano Guerra,5,21,https://twitter.com/NanoGuerra4/status/1375628720166297601,[],[],0,,False,0,1,0,,None,,,,,,,"[{'screen_name': 'jcano88184', 'name': 'Javier Cano', 'id': '13061532'}]",,,,
1375626540843741187,1375575897579925518,1616809899000.0,2021-03-26 20:51:39,-0500,,@jcano88184 Te voy a mandar a mi perra Kina por malcriado! ¡Buen fin de semana Javier!  https://t.co/JhVnmn5tQ0,es,[],[],1326713607384666112,1326713607384666112,NanoGuerra4,Nano Guerra,5,20,https://twitter.com/NanoGuerra4/status/1375626540843741187,[],['https://pbs.twimg.com/media/Exc1CxgXAAQH6Wu.jpg'],1,https://pbs.twimg.com/media/Exc1CxgXAAQH6Wu.jpg,False,6,3,0,,None,,,,,,,"[{'screen_name': 'jcano88184', 'name': 'Javier Cano', 'id': '13061532'}]",,,,
1375626090295726080,1375575897579925518,1616809792000.0,2021-03-26 20:49:52,-0500,,"@reinadecapitada Hola Régina, si perdemos será porque el Perú así lo decidió, igual dejaremos todo en la cancha. ¡Gracias por estar pendiente de mi campaña! y no reniegues por las huevas 😏",es,[],[],1326713607384666112,1326713607384666112,NanoGuerra4,Nano Guerra,5,20,https://twitter.com/NanoGuerra4/status/1375626090295726080,[],[],0,,False,0,1,0,,None,,,,,,,"[{'screen_name': 'reinadecapitada', 'name': 'Regina Limo 🏳️\u200d🌈 - ¿Quién quiere ser presidente?', 'id': '49016883'}]",,,,
1375623044316684292,1375575897579925518,1616809066000.0,2021-03-26 20:37:46,-0500,,"@mantocapocho @SILVYTA27 Por qué el insulto Manuel? Estamos en campaña, disfrutemos la democracia. Que otros hagan hígado, sonríe que ya es viernes!",es,[],[],1326713607384666112,1326713607384666112,NanoGuerra4,Nano Guerra,5,20,https://twitter.com/NanoGuerra4/status/1375623044316684292,[],[],0,,False,5,3,0,,None,,,,,,,"[{'screen_name': 'mantocapocho', 'name': 'Manuel G.C.⚽🇵🇪👨\u200d👨\u200d👦🍛', 'id': '2604461934'}, {'screen_name': 'SILVYTA27', 'name': 'SILVIA', 'id': '447616428'}]",,,,
1375622843501850624,1375575897579925518,1616809018000.0,2021-03-26 20:36:58,-0500,,"@Aristides851959 Los likes son sólo eso, en mi facebook tengo más de 100 mil seguidores si es lo que te importa, nosotros remamos en todos lados, como emprendedores!",es,[],[],1326713607384666112,1326713607384666112,NanoGuerra4,Nano Guerra,5,20,https://twitter.com/NanoGuerra4/status/1375622843501850624,[],[],0,,False,8,4,2,,None,,,,,,,"[{'screen_name': 'Aristides851959', 'name': 'Greg Idiaquez', 'id': '3865892061'}]",,,,
1375622466064805891,1375575897579925518,1616808928000.0,2021-03-26 20:35:28,-0500,,@MariaGirao6 Nadie??? Ni uno solo? Segura? 😏,es,[],[],1326713607384666112,1326713607384666112,NanoGuerra4,Nano Guerra,5,20,https://twitter.com/NanoGuerra4/status/1375622466064805891,[],[],0,,False,2,1,0,,None,,,,,,,"[{'screen_name': 'MariaGirao6', 'name': 'Maria Girao', 'id': '1313646329197981702'}]",,,,
1375622344446779392,1375575897579925518,1616808899000.0,2021-03-26 20:34:59,-0500,,"@LibreNarda Las truchas están en otro partido de peces, aquí somos 🍊🍊🍊",es,[],[],1326713607384666112,1326713607384666112,NanoGuerra4,Nano Guerra,5,20,https://twitter.com/NanoGuerra4/status/1375622344446779392,[],[],0,,False,1,1,0,,None,,,,,,,"[{'screen_name': 'LibreNarda', 'name': 'Narda libre', 'id': '1288114040447762440'}]",,,,
1375622094977896451,1375575897579925518,1616808839000.0,2021-03-26 20:33:59,-0500,,@DanielM18373500 Todavía! ¿Cómo hacemos? Sumate a la campaña para que nos des tus aportes Daniel!,es,[],[],1326713607384666112,1326713607384666112,NanoGuerra4,Nano Guerra,5,20,https://twitter.com/NanoGuerra4/status/1375622094977896451,[],[],0,,False,1,1,0,,None,,,,,,,"[{'screen_name': 'DanielM18373500', 'name': 'Daniel Muñoz', 'id': '1155308184204132354'}]",,,,
1375591913718489096,1375575897579925518,1616801644000.0,2021-03-26 18:34:04,-0500,,"@JackyMc10 @CentenoRenata Vendrán más encuestas, son fotos del momento, sigamos remando!",es,[],[],1326713607384666112,1326713607384666112,NanoGuerra4,Nano Guerra,5,18,https://twitter.com/NanoGuerra4/status/1375591913718489096,[],[],0,,False,10,0,1,,None,,,,,,,"[{'screen_name': 'JackyMc10', 'name': 'Jacky Mc', 'id': '1252053856738963456'}, {'screen_name': 'CentenoRenata', 'name': 'Renata Centeno', 'id': '758831741310111744'}]",,,,
1375582464622612485,1375575897579925518,1616799391000.0,2021-03-26 17:56:31,-0500,,"@DiosEd2 Hola Dios, las otras encuestas nos dan un porcentaje similar. ¿Ninguna te gusta por quien la hace, porque no crees en la estadística, o por los resultados? 🤔",es,[],[],1326713607384666112,1326713607384666112,NanoGuerra4,Nano Guerra,5,17,https://twitter.com/NanoGuerra4/status/1375582464622612485,[],[],0,,False,4,1,1,,None,,,,,,,"[{'screen_name': 'DiosEd2', 'name': 'DiosEdgar', 'id': '1072898992223195136'}]",,,,
1375575897579925518,1375575897579925518,1616797825000.0,2021-03-26 17:30:25,-0500,,La encuesta de CPI de hoy nos pone a un empujoncito de la segunda vuelta. El Fujimorismo sigue sólido a pesar de todos los antis y del fiscal oportuno.  https://t.co/ujzfsQIAn7,es,[],[],1326713607384666112,1326713607384666112,NanoGuerra4,Nano Guerra,5,17,https://twitter.com/NanoGuerra4/status/1375575897579925518,[],['https://pbs.twimg.com/media/ExcG-rYXABAZsRv.jpg'],1,https://pbs.twimg.com/media/ExcG-rYXABAZsRv.jpg,False,325,115,92,,None,,,,,,,[],,,,
1375255606651666436,1375254020521132032,1616721462000.0,2021-03-25 20:17:42,-0500,,"@olopezs9 Servido señor, falto el por favor! Jaja saludos Orlando!",es,[],[],1326713607384666112,1326713607384666112,NanoGuerra4,Nano Guerra,4,20,https://twitter.com/NanoGuerra4/status/1375255606651666436,[],[],0,,False,1,1,0,,None,,,,,,,"[{'screen_name': 'olopezs9', 'name': 'Orlando López', 'id': '3092564962'}]",,,,
1375252584592723968,1375252584592723968,1616720741000.0,2021-03-25 20:05:41,-0500,,¡Todos somos potenciales emprendedores!  https://t.co/W8rJ7iwBif,es,[],[],1326713607384666112,1326713607384666112,NanoGuerra4,Nano Guerra,4,20,https://twitter.com/NanoGuerra4/status/1375252584592723968,[],['https://pbs.twimg.com/media/ExXg7p3WUAICyXs.jpg'],1,https://pbs.twimg.com/media/ExXg7p3WUAICyXs.jpg,False,212,9,68,,None,,,,,,,[],,,,
1375190737495670797,1374867292610265093,1616705996000.0,2021-03-25 15:59:56,-0500,,"@2005Thewolfpac Estas en todo tu derecho de votar por cualquiera de los candidatos y candidatas. Que viva la democracia querido Wolf. Igual te agradezco la visita a mi cuenta naranja, todos bienvenidos.",es,[],[],1326713607384666112,1326713607384666112,NanoGuerra4,Nano Guerra,4,15,https://twitter.com/NanoGuerra4/status/1375190737495670797,[],[],0,,False,0,0,0,,None,,,,,,,"[{'screen_name': '2005Thewolfpac', 'name': 'luis wolf', 'id': '2532902608'}]",,,,
1374914342018244614,1374914342018244614,1616640098000.0,2021-03-24 21:41:38,-0500,,🍊🍊🍊🔥🔥🔥  https://t.co/VE63NI66Ri,und,[],[],1326713607384666112,1326713607384666112,NanoGuerra4,Nano Guerra,3,21,https://twitter.com/NanoGuerra4/status/1374914342018244614,[],[],1,https://pbs.twimg.com/ext_tw_video_thumb/1374914293179809795/pu/img/l_BgMOyI5S0lpm8z.jpg,False,206,7,71,,None,,,,,,,[],,,,
1374896442784026624,1374867292610265093,1616635830000.0,2021-03-24 20:30:30,-0500,,"@miguelortiz2k @angela_gereda Si es tan fuerte, que haces tan pendiente del olon naranja que se les viene!",es,[],[],1326713607384666112,1326713607384666112,NanoGuerra4,Nano Guerra,3,20,https://twitter.com/NanoGuerra4/status/1374896442784026624,[],[],0,,False,2,0,1,,None,,,,,,,"[{'screen_name': 'miguelortiz2k', 'name': 'Miguel Ortiz', 'id': '2235522340'}, {'screen_name': 'angela_gereda', 'name': 'DorisGJordan', 'id': '939644728202743808'}]",,,,
1374869602396672002,1374867292610265093,1616629431000.0,2021-03-24 18:43:51,-0500,,"@Gabriel58391790 Señores trolls pendientes de la fuerza naranja, por favor de ser posible utilizar nuevas bromas, esa ya se desgastó. ¡Quedamos a la espera!",es,[],[],1326713607384666112,1326713607384666112,NanoGuerra4,Nano Guerra,3,18,https://twitter.com/NanoGuerra4/status/1374869602396672002,[],[],0,,False,2,1,1,,None,,,,,,,"[{'screen_name': 'Gabriel58391790', 'name': 'Eduardo M.', 'id': '1328475555851853824'}]",,,,
1374867292610265093,1374867292610265093,1616628881000.0,2021-03-24 18:34:41,-0500,,Esta ola naranja es más grande y viene con más fuerza popular desde el norte del Perú.,es,[],[],1326713607384666112,1326713607384666112,NanoGuerra4,Nano Guerra,3,18,https://twitter.com/NanoGuerra4/status/1374867292610265093,[],[],0,,False,179,13,53,https://twitter.com/KeikoFujimori/status/1374865903855239170,None,,,,,,,[],,,,
1374387074707513359,1374368448625537028,1616514388000.0,2021-03-23 10:46:28,-0500,,"@Libra10R @suselparedes Hola Rubén, no caigamos en calificativos y menos de índole homofobica. Mantengamos el nivel del debate. Debatamos ideas y propuestas. La propuesta de Fuerza Popular es un Perú unido y que deja atrás sus diferencias.",es,[],[],1326713607384666112,1326713607384666112,NanoGuerra4,Nano Guerra,2,10,https://twitter.com/NanoGuerra4/status/1374387074707513359,[],[],0,,False,1,1,0,,None,,,,,,,"[{'screen_name': 'Libra10R', 'name': 'Rubén cabana Galindo', 'id': '1350415724590858242'}, {'screen_name': 'suselparedes', 'name': 'Susel Paredes # 1', 'id': '72361116'}]",,,,
1374378789589815296,1374377109594927111,1616512412000.0,2021-03-23 10:13:32,-0500,,"@moebiugz Hola Jorge, mantengamos el nivel. Los insultos no suman y la salud mental no es juego. Saludos.",es,[],[],1326713607384666112,1326713607384666112,NanoGuerra4,Nano Guerra,2,10,https://twitter.com/NanoGuerra4/status/1374378789589815296,[],[],0,,False,3,1,0,,None,,,,,,,"[{'screen_name': 'moebiugz', 'name': 'Jorge Moebius', 'id': '738766413591130112'}]",,,,
1374368448625537028,1374368448625537028,1616509947000.0,2021-03-23 09:32:27,-0500,,Hoy a las 8pm debatimos con @suselparedes.  https://t.co/fTK7nPqm9s,es,[],[],1326713607384666112,1326713607384666112,NanoGuerra4,Nano Guerra,2,09,https://twitter.com/NanoGuerra4/status/1374368448625537028,[],['https://pbs.twimg.com/media/ExK80MxUcAkKgXB.jpg'],1,https://pbs.twimg.com/media/ExK80MxUcAkKgXB.jpg,False,138,66,38,,None,,,,,,,[],,,,
1374190262457602049,1374190262457602049,1616467464000.0,2021-03-22 21:44:24,-0500,,"Aquí y allá, Fuerza Popular en el Perú. @KeikoFujimori @luchogalarreta @PFuerzaPopular",es,[],[],1326713607384666112,1326713607384666112,NanoGuerra4,Nano Guerra,1,21,https://twitter.com/NanoGuerra4/status/1374190262457602049,[],[],0,,False,214,11,65,https://twitter.com/KeikoFujimori/status/1374178581102927872,None,,,,,,,[],,,,
1373839277101092870,1373839277101092870,1616383783000.0,2021-03-21 22:29:43,-0500,,Excelente solidez de @KeikoFujimori en #DebatePresidencialEc. Estamos enfocados en la segunda vuelta. Ni el Fiscal nos va a parar y nosotros #NoArrugamos,es,"['debatepresidencialec', 'noarrugamos']",[],1326713607384666112,1326713607384666112,NanoGuerra4,Nano Guerra,7,22,https://twitter.com/NanoGuerra4/status/1373839277101092870,[],[],0,,False,719,57,204,,None,,,,,,,[],,,,
1373815071827226630,1373815071827226630,1616378012000.0,2021-03-21 20:53:32,-0500,,Proponemos el plan Distrito Seguro. Acercaremos la Policía a la ciudadanía. Keiko marcando la diferencia en el debate #DebatePresidencialEc #DebatePresidencial #KeikoPresidenta,es,"['debatepresidencialec', 'debatepresidencial', 'keikopresidenta']",[],1326713607384666112,1326713607384666112,NanoGuerra4,Nano Guerra,7,20,https://twitter.com/NanoGuerra4/status/1373815071827226630,[],[],0,,False,400,41,114,,None,,,,,,,[],,,,
1373796663794470912,1373796663794470912,1616373623000.0,2021-03-21 19:40:23,-0500,,"No se pierdan el debate de hoy. Algunos arrugaron, nosotros marcaremos el ingreso a segunda vuelta!",es,[],[],1326713607384666112,1326713607384666112,NanoGuerra4,Nano Guerra,7,19,https://twitter.com/NanoGuerra4/status/1373796663794470912,[],[],0,,False,227,46,68,,None,,,,,,,[],,,,
1372687180074778628,1372687180074778628,1616109101000.0,2021-03-18 18:11:41,-0500,,"La educación privada debe existir, pues el Estado no cubre la demanda.",es,[],[],1326713607384666112,1326713607384666112,NanoGuerra4,Nano Guerra,4,18,https://twitter.com/NanoGuerra4/status/1372687180074778628,[],[],0,,False,23,0,10,https://twitter.com/camaradelima/status/1372679254002053122,None,,,,,,,[],,,,
1372589276819521538,1372589276819521538,1616085759000.0,2021-03-18 11:42:39,-0500,,De los errores se aprende. ¡Debemos trabajar todos en equipo!  https://t.co/L3AOinooUw,es,[],[],1326713607384666112,1326713607384666112,NanoGuerra4,Nano Guerra,4,11,https://twitter.com/NanoGuerra4/status/1372589276819521538,[],[],1,https://pbs.twimg.com/ext_tw_video_thumb/1372589105524146182/pu/img/Gpvh4QqBDpuaaABW.jpg,False,85,9,23,,None,,,,,,,[],,,,
1371884256440487941,1371859789903507461,1615917669000.0,2021-03-16 13:01:09,-0500,,"@esperanzajara5 Hola Esperanza, fui invitado en las elecciones generales pasadas, es un hecho público ¿no? ¡Mucha suerte en tu campaña!",es,[],[],1326713607384666112,1326713607384666112,NanoGuerra4,Nano Guerra,2,13,https://twitter.com/NanoGuerra4/status/1371884256440487941,[],[],0,,False,0,0,0,,None,,,,,,,"[{'screen_name': 'esperanzajara5', 'name': 'Esperanza Jara', 'id': '1347585340123607043'}]",,,,
1371859789903507461,1371859789903507461,1615911836000.0,2021-03-16 11:23:56,-0500,,"Empleo, ingreso y consumo: Nuestra propuesta para la reactivacion económica.  https://t.co/8omJ6SDKqw",es,[],[],1326713607384666112,1326713607384666112,NanoGuerra4,Nano Guerra,2,11,https://twitter.com/NanoGuerra4/status/1371859789903507461,[],[],1,https://pbs.twimg.com/ext_tw_video_thumb/1371859549427265539/pu/img/z81sElcqgIOO_eDG.jpg,False,130,17,47,,None,,,,,,,[],,,,
1371564673200488449,1371564673200488449,1615841475000.0,2021-03-15 15:51:15,-0500,,Hoy estaré a partir de las 9 y 30 pm en @RPPNoticias debatiendo contra @NietoMontesinos  https://t.co/lYOGstc6Sw,es,[],[],1326713607384666112,1326713607384666112,NanoGuerra4,Nano Guerra,1,15,https://twitter.com/NanoGuerra4/status/1371564673200488449,[],['https://pbs.twimg.com/media/EwjGy8tXMA0YNnZ.jpg'],1,https://pbs.twimg.com/media/EwjGy8tXMA0YNnZ.jpg,False,71,2,23,,None,,,,,,,[],,,,
1371108727558967298,1370908169329868805,1615732769000.0,2021-03-14 09:39:29,-0500,,@Nayceli2 Gracias!,es,[],[],1326713607384666112,1326713607384666112,NanoGuerra4,Nano Guerra,7,09,https://twitter.com/NanoGuerra4/status/1371108727558967298,[],[],0,,False,1,1,0,,None,,,,,,,"[{'screen_name': 'Nayceli2', 'name': 'Lucero', 'id': '1316597261854478337'}]",,,,
1370908169329868805,1370908169329868805,1615684952000.0,2021-03-13 20:22:32,-0500,,"Te llaman informal, te acusan de ilegal: ¡Resistan!  https://t.co/WvMAhY8xUT",es,[],[],1326713607384666112,1326713607384666112,NanoGuerra4,Nano Guerra,6,20,https://twitter.com/NanoGuerra4/status/1370908169329868805,[],[],1,https://pbs.twimg.com/ext_tw_video_thumb/1370907973745315844/pu/img/rv8YgPQt0I2ht_fc.jpg,False,263,62,96,,None,,,,,,,[],,,,
1370810122713374721,1370552041622417410,1615661576000.0,2021-03-13 13:52:56,-0500,,@jantoniozegarra Gracias Juan Antonio!,es,[],[],1326713607384666112,1326713607384666112,NanoGuerra4,Nano Guerra,6,13,https://twitter.com/NanoGuerra4/status/1370810122713374721,[],[],0,,False,0,0,0,,None,,,,,,,"[{'screen_name': 'jantoniozegarra', 'name': 'Juan Antonio', 'id': '267866016'}]",,,,
1370568895497654272,1370427743335292936,1615604063000.0,2021-03-12 21:54:23,-0500,,@Ivan62a7 @KeikoFujimori @PFuerzaPopular Empate técnico entre 5 candidatos por el segundo lugar. Última encuesta de Datum. Las otras similares. No me inventé nada.  https://t.co/mzvnbJ732z,es,[],[],1326713607384666112,1326713607384666112,NanoGuerra4,Nano Guerra,5,21,https://twitter.com/NanoGuerra4/status/1370568895497654272,[],['https://pbs.twimg.com/media/EwU9JJiXAAEiYTX.jpg'],1,https://pbs.twimg.com/media/EwU9JJiXAAEiYTX.jpg,False,1,2,0,,None,,,,,,,"[{'screen_name': 'Ivan62a7', 'name': 'Louis_031', 'id': '1238114904164483072'}, {'screen_name': 'KeikoFujimori', 'name': 'Keiko Fujimori', 'id': '53189543'}, {'screen_name': 'PFuerzaPopular', 'name': 'Partido Político Fuerza Popular 🇵🇪', 'id': '721086806'}]",,,,
1370552041622417410,1370552041622417410,1615600045000.0,2021-03-12 20:47:25,-0500,,"Vamos a quitarles tantas barreras a los emprendedores, tan golpeados en esta trágica crisis.",es,[],[],1326713607384666112,1326713607384666112,NanoGuerra4,Nano Guerra,5,20,https://twitter.com/NanoGuerra4/status/1370552041622417410,[],[],0,,False,165,19,51,https://twitter.com/KeikoFujimori/status/1370493339687133184,None,,,,,,,[],,,,
1370427743335292936,1370427743335292936,1615570409000.0,2021-03-12 12:33:29,-0500,,"Fiscal Pérez tuvo años para acusar a @KeikoFujimori, pero recién lo hace un mes antes de las elecciones, cuando @PFuerzaPopular pelea cupo a la segunda vuelta. Quiere impedir que viaje y que declare. Si Fiscal quiere estar en política ¡Que postule!",es,[],[],1326713607384666112,1326713607384666112,NanoGuerra4,Nano Guerra,5,12,https://twitter.com/NanoGuerra4/status/1370427743335292936,[],[],0,,False,898,244,300,,None,,,,,,,[],,,,
1370408939033145345,1370408939033145345,1615565926000.0,2021-03-12 11:18:46,-0500,,"Años recorriendo el Perú, años con los emprendedores que generan riqueza.  https://t.co/4Ro1KZgvg5",es,[],[],1326713607384666112,1326713607384666112,NanoGuerra4,Nano Guerra,5,11,https://twitter.com/NanoGuerra4/status/1370408939033145345,[],[],1,https://pbs.twimg.com/ext_tw_video_thumb/1370408660657172484/pu/img/Wi6JEm_xVPf-BJho.jpg,False,40,1,17,,None,,,,,,,[],,,,
1369701676941074436,1369701676941074436,1615397302000.0,2021-03-10 12:28:22,-0500,, https://t.co/UU9KFKmmRz,und,[],[],1326713607384666112,1326713607384666112,NanoGuerra4,Nano Guerra,3,12,https://twitter.com/NanoGuerra4/status/1369701676941074436,[],['https://pbs.twimg.com/media/EwIoaIcXAAMTFON.jpg'],1,https://pbs.twimg.com/media/EwIoaIcXAAMTFON.jpg,False,20,2,2,,None,,,,,,,[],,,,
1369434313666818049,1369434313666818049,1615333557000.0,2021-03-09 18:45:57,-0500,,"La indolencia burocratica, la lenta gestion. Esta es una muestra de la falta de gerencia en el Estado.    https://t.co/S0yByBGdiA",es,[],[],1326713607384666112,1326713607384666112,NanoGuerra4,Nano Guerra,2,18,https://twitter.com/NanoGuerra4/status/1369434313666818049,['https://rpp.pe/lima/actualidad/coronavirus-en-peru-uni-recien-el-21-de-enero-llego-el-presupuesto-para-la-implementacion-de-plantas-de-oxigeno-noticia-1324869'],[],0,,False,11,0,4,,None,,,,,,,[],,,,
1368644946647998465,1368644946647998465,1615145358000.0,2021-03-07 14:29:18,-0500,,Hoy estaré debatiendo en vivo en @Cuarto_Poder  https://t.co/RwTlo3zOAp,es,[],[],1326713607384666112,1326713607384666112,NanoGuerra4,Nano Guerra,7,14,https://twitter.com/NanoGuerra4/status/1368644946647998465,[],['https://pbs.twimg.com/media/Ev5nUhBWYAA2U9y.jpg'],1,https://pbs.twimg.com/media/Ev5nUhBWYAA2U9y.jpg,False,47,7,11,,None,,,,,,,[],,,,
1367982991008538625,1367982991008538625,1614987535000.0,2021-03-05 18:38:55,-0500,,Hoy para @canalN_ con @KeikoFujimori #RestaurantesAbiertos  https://t.co/p3iugqWea4,es,['restaurantesabiertos'],[],1326713607384666112,1326713607384666112,NanoGuerra4,Nano Guerra,5,18,https://twitter.com/NanoGuerra4/status/1367982991008538625,[],['https://pbs.twimg.com/media/EvwNRjFWEAI_tXi.jpg'],1,https://pbs.twimg.com/media/EvwNRjFWEAI_tXi.jpg,False,65,1,28,,None,,,,,,,[],,,,
1367653559077076992,1367653559077076992,1614908992000.0,2021-03-04 20:49:52,-0500,,Hoy empezamos con FPTV con @luchogalarreta Secretario General del Partido y candidato #1 de @PFuerzaPopular para el Parlamento Andino.  https://t.co/ppW6ocGIdL,es,[],[],1326713607384666112,1326713607384666112,NanoGuerra4,Nano Guerra,4,20,https://twitter.com/NanoGuerra4/status/1367653559077076992,[],[],1,https://pbs.twimg.com/ext_tw_video_thumb/1367653478684835841/pu/img/o7N1Q22W3iDt6QpX.jpg,False,139,20,45,,None,,,,,,,[],,,,
1367238818697535490,1367238818697535490,1614810111000.0,2021-03-03 17:21:51,-0500,,Hoy a las 10 y 30 pm en @canalN_.  https://t.co/b4OcrAK9db,es,[],[],1326713607384666112,1326713607384666112,NanoGuerra4,Nano Guerra,3,17,https://twitter.com/NanoGuerra4/status/1367238818697535490,[],['https://pbs.twimg.com/media/EvlodGSWgAMbv4q.jpg'],1,https://pbs.twimg.com/media/EvlodGSWgAMbv4q.jpg,False,24,3,2,,None,,,,,,,[],,,,
1366934869679439873,1366545481841655808,1614737644000.0,2021-03-02 21:14:04,-0500,,"@indipaolitik No te pierdes un solo tweet mio, te mando un abrazo leal seguidor.",es,[],[],1326713607384666112,1326713607384666112,NanoGuerra4,Nano Guerra,2,21,https://twitter.com/NanoGuerra4/status/1366934869679439873,[],[],0,,False,0,1,0,,None,,,,,,,"[{'screen_name': 'indipaolitik', 'name': 'Alberto Ampuero', 'id': '2890212667'}]",,,,
1366801315775537156,1366801315775537156,1614705802000.0,2021-03-02 12:23:22,-0500,,La propuesta de @KeikoFujimori y @PFuerzaPopular para abrir nuestra afectada economía. Les presentamos #RestaurantesAbiertos,es,['restaurantesabiertos'],[],1326713607384666112,1326713607384666112,NanoGuerra4,Nano Guerra,2,12,https://twitter.com/NanoGuerra4/status/1366801315775537156,[],[],0,,False,197,19,66,https://twitter.com/KeikoFujimori/status/1366782500589219842,None,,,,,,,[],,,,
1366545481841655808,1366545481841655808,1614644806000.0,2021-03-01 19:26:46,-0500,,La equidad no puede ir contra el derecho a la vida. No puedes igualar para abajo. Si tu puedes salvar la vida de los tuyos con tus recursos es correcto. Lo malo es quitarle derecho al otro. El perro del hortelano no es equidad.,es,[],[],1326713607384666112,1326713607384666112,NanoGuerra4,Nano Guerra,1,19,https://twitter.com/NanoGuerra4/status/1366545481841655808,[],[],0,,False,130,29,42,https://twitter.com/KeikoFujimori/status/1366410426670600196,None,,,,,,,[],,,,
1365450243102416896,1364277842029260802,1614383681000.0,2021-02-26 18:54:41,-0500,,"@MDegree2017 @zetita_ag Hola Mike, piso tierra recorriendo el Perú hace más de 15 años, dejar los libros es un un consejo que nunca daré. Son importantes, son conocimiento y progreso.",es,[],[],1326713607384666112,1326713607384666112,NanoGuerra4,Nano Guerra,5,18,https://twitter.com/NanoGuerra4/status/1365450243102416896,[],[],0,,False,1,1,0,,None,,,,,,,"[{'screen_name': 'MDegree2017', 'name': 'MikeDegree2017', 'id': '899670217885982721'}, {'screen_name': 'zetita_ag', 'name': 'zetitaAG', 'id': '158176629'}]",,,,
1365289897209298947,1365289897209298947,1614345452000.0,2021-02-26 08:17:32,-0500,,"No es falta de presupuesto, es falta de eficiencia.  https://t.co/GKoeLQVpEK",es,[],[],1326713607384666112,1326713607384666112,NanoGuerra4,Nano Guerra,5,08,https://twitter.com/NanoGuerra4/status/1365289897209298947,[],[],1,https://pbs.twimg.com/ext_tw_video_thumb/1365289781614247940/pu/img/IgaSMtB9lxUGvIpx.jpg,False,100,9,36,,None,,,,,,,[],,,,
1364956466348703751,1364956466348703751,1614265955000.0,2021-02-25 10:12:35,-0500,,Hoy a la 1pm en @exitosape con @KarinaNovoaL.  https://t.co/XPPSw1BaJM,es,[],[],1326713607384666112,1326713607384666112,NanoGuerra4,Nano Guerra,4,10,https://twitter.com/NanoGuerra4/status/1364956466348703751,[],['https://pbs.twimg.com/media/EvFMqqJWQAE5y5K.jpg'],1,https://pbs.twimg.com/media/EvFMqqJWQAE5y5K.jpg,False,27,3,5,,None,,,,,,,[],,,,
1364671670762565632,1364671670762565632,1614198055000.0,2021-02-24 15:20:55,-0500,,"Lo que quieren los empresarios es vacunar a sus trabajadores porque gastan una fortuna en PCR. No todos piensan como NSE A, sino como empresarios y emprendedores. No es hoy o mañana, la escasez de vacunas es temporal, la vacunación es a largo plazo.",es,[],[],1326713607384666112,1326713607384666112,NanoGuerra4,Nano Guerra,3,15,https://twitter.com/NanoGuerra4/status/1364671670762565632,[],[],0,,False,18,0,6,https://twitter.com/rmapalacios/status/1364309953339666432,None,,,,,,,[],,,,
1364606618143494152,1364277842029260802,1614182545000.0,2021-02-24 11:02:25,-0500,,"@Colqueone @luchogalarreta Al contrario Alex, queremos un Estado que no persiga a la pequeña empresa, queremos defender a los emprendedores. Te invito a revisar nuestro plan de gobierno. Saludos!",es,[],[],1326713607384666112,1326713607384666112,NanoGuerra4,Nano Guerra,3,11,https://twitter.com/NanoGuerra4/status/1364606618143494152,[],[],0,,False,0,0,0,,None,,,,,,,"[{'screen_name': 'Colqueone', 'name': 'Alex colquehuanca Li', 'id': '222430759'}, {'screen_name': 'luchogalarreta', 'name': 'Lucho Galarreta', 'id': '55181597'}]",,,,
1364577451079323649,1364577451079323649,1614175591000.0,2021-02-24 09:06:31,-0500,,Las Municipalidades no pueden ser el peor enemigo del que quiere avanzar. Al cierre de locales ahora suman más burocracia que afecta a los que más difícil la tienen.  https://t.co/aH7hYmfdpi,es,[],[],1326713607384666112,1326713607384666112,NanoGuerra4,Nano Guerra,3,09,https://twitter.com/NanoGuerra4/status/1364577451079323649,[],['https://pbs.twimg.com/media/Eu_z9GNXAAEcrbY.jpg'],1,https://pbs.twimg.com/media/Eu_z9GNXAAEcrbY.jpg,False,8,0,1,,None,,,,,,,[],,,,
1364353494598246400,1364353494598246400,1614122196000.0,2021-02-23 18:16:36,-0500,,Necesitamos propuestas concretas y soluciones rápidas.  https://t.co/ZhTygx0tXv,es,[],[],1326713607384666112,1326713607384666112,NanoGuerra4,Nano Guerra,2,18,https://twitter.com/NanoGuerra4/status/1364353494598246400,[],[],1,https://pbs.twimg.com/ext_tw_video_thumb/1364353279363321858/pu/img/eDeEyAm5Yf-vGOVT.jpg,False,13,0,1,,None,,,,,,,[],,,,
1364289783888027652,1364289783888027652,1614107006000.0,2021-02-23 14:03:26,-0500,,"Mañana el Encuentro Empresarial 2021 con @vanessakaiser22, @jdealthaus y Jorge Francisco Baca. La transmisión será en mi página de Facebook a las 8pm.  https://t.co/O8UL0zJjk6",es,[],[],1326713607384666112,1326713607384666112,NanoGuerra4,Nano Guerra,2,14,https://twitter.com/NanoGuerra4/status/1364289783888027652,[],['https://pbs.twimg.com/media/Eu7uUnqXIAQ_5xs.jpg'],1,https://pbs.twimg.com/media/Eu7uUnqXIAQ_5xs.jpg,False,12,0,1,,None,,,,,,,[],,,,
1364277842029260802,1364277842029260802,1614104159000.0,2021-02-23 13:15:59,-0500,,"No necesitamos un Estado grande, necesitamos un Estado eficiente.",es,[],[],1326713607384666112,1326713607384666112,NanoGuerra4,Nano Guerra,2,13,https://twitter.com/NanoGuerra4/status/1364277842029260802,[],[],0,,False,112,11,26,,None,,,,,,,[],,,,
1364209046111330304,1364209046111330304,1614087757000.0,2021-02-23 08:42:37,-0500,,Basta de improvisados que no piensan en las pymes.  https://t.co/XN8nF8vywm,es,[],[],1326713607384666112,1326713607384666112,NanoGuerra4,Nano Guerra,2,08,https://twitter.com/NanoGuerra4/status/1364209046111330304,[],[],1,https://pbs.twimg.com/ext_tw_video_thumb/1364208931103514624/pu/img/vfcHlofstDckBGt5.jpg,False,51,9,15,,None,,,,,,,[],,,,
1362886992200159235,1362886992200159235,1613772554000.0,2021-02-19 17:09:14,-0500,,Hoy estaré desde las 07:00 pm en @RPPNoticias.  https://t.co/FM15QhDntl,es,[],[],1326713607384666112,1326713607384666112,NanoGuerra4,Nano Guerra,5,17,https://twitter.com/NanoGuerra4/status/1362886992200159235,[],['https://pbs.twimg.com/media/Eunyfc3WgAsg8hF.jpg'],1,https://pbs.twimg.com/media/Eunyfc3WgAsg8hF.jpg,False,1,0,0,,None,,,,,,,[],,,,
1362452809501863939,1362452809501863939,1613669037000.0,2021-02-18 12:23:57,-0500,,Un poco del debate de ayer en @elcomercio_peru moderado por @arianalirad. Se quedaron sin nada que decir.  https://t.co/FIt8tWONAR,es,[],[],1326713607384666112,1326713607384666112,NanoGuerra4,Nano Guerra,4,12,https://twitter.com/NanoGuerra4/status/1362452809501863939,[],[],1,https://pbs.twimg.com/ext_tw_video_thumb/1362452698562514945/pu/img/akescaUqkFNsHuyv.jpg,False,91,3,34,,None,,,,,,,[],,,,
1362403920144961539,1362403920144961539,1613657381000.0,2021-02-18 09:09:41,-0500,,"Carnaval de promesas en el CADE de ayer. Más ministerios, obras sin sustento y gasto ilimitado cuando no hay recursos. Mendoza, Forsyth y Guzmán en la tradicional receta del populismo.",es,[],[],1326713607384666112,1326713607384666112,NanoGuerra4,Nano Guerra,4,09,https://twitter.com/NanoGuerra4/status/1362403920144961539,[],[],0,,False,440,142,114,,None,,,,,,,[],,,,
1362145427072684033,1362145427072684033,1613595751000.0,2021-02-17 16:02:31,-0500,,¿Queremos cambiar el Perú? Dejemos de perseguir a los que emprenden.,es,[],[],1326713607384666112,1326713607384666112,NanoGuerra4,Nano Guerra,3,16,https://twitter.com/NanoGuerra4/status/1362145427072684033,[],[],0,,False,97,7,18,,None,,,,,,,[],,,,
1362080253120831488,1361828304483999745,1613580213000.0,2021-02-17 11:43:33,-0500,,"@HectorFelipeFe1 @PFuerzaPopular Hola Héctor Felipe, gracias por tus aportes y preocupaciones. ¿Podrías mandarme por mensaje interno tu teléfono?",es,[],[],1326713607384666112,1326713607384666112,NanoGuerra4,Nano Guerra,3,11,https://twitter.com/NanoGuerra4/status/1362080253120831488,[],[],0,,False,1,0,0,,None,,,,,,,"[{'screen_name': 'HectorFelipeFe1', 'name': 'Hector Felipe Fernandez Di Moscariello', 'id': '1332088796314300419'}, {'screen_name': 'PFuerzaPopular', 'name': 'Partido Político Fuerza Popular 🇵🇪', 'id': '721086806'}]",,,,
1362055379446870020,1362055379446870020,1613574282000.0,2021-02-17 10:04:42,-0500,,Hoy estoy debatiendo por las redes de @elcomercio_peru.  https://t.co/MKr6CZ86CR,es,[],[],1326713607384666112,1326713607384666112,NanoGuerra4,Nano Guerra,3,10,https://twitter.com/NanoGuerra4/status/1362055379446870020,[],['https://pbs.twimg.com/media/Eub-JT4XIAAt7-k.jpg'],1,https://pbs.twimg.com/media/Eub-JT4XIAAt7-k.jpg,False,5,0,2,,None,,,,,,,[],,,,
1361852512324775943,1361851736583979009,1613525915000.0,2021-02-16 20:38:35,-0500,,@WlliamLeonRaban Melcochita usa otra frase!,und,[],[],1326713607384666112,1326713607384666112,NanoGuerra4,Nano Guerra,2,20,https://twitter.com/NanoGuerra4/status/1361852512324775943,[],[],0,,False,0,0,0,,None,,,,,,,"[{'screen_name': 'WlliamLeonRaban', 'name': 'Wlliam Leon Rabanal', 'id': '1222072190'}]",,,,
1361828304483999745,1361828304483999745,1613520143000.0,2021-02-16 19:02:23,-0500,,Tenemos 700 mil vacunas ya en Perú estancadas en los pantanos de la burocracia estatal. ¿Se puede investigar y seguir vacunando no? La gente sigue muriendo y no se han comprado para estar guardadas.,es,[],[],1326713607384666112,1326713607384666112,NanoGuerra4,Nano Guerra,2,19,https://twitter.com/NanoGuerra4/status/1361828304483999745,[],[],0,,False,34,4,17,,None,,,,,,,[],,,,
1361504463496839170,1361472156299890690,1613442934000.0,2021-02-15 21:35:34,-0500,,@LibreNarda No caigamos en calificativos por el físico de nadie☝🏻,es,[],[],1326713607384666112,1326713607384666112,NanoGuerra4,Nano Guerra,1,21,https://twitter.com/NanoGuerra4/status/1361504463496839170,[],[],0,,False,2,1,0,,None,,,,,,,"[{'screen_name': 'LibreNarda', 'name': 'Narda libre', 'id': '1288114040447762440'}]",,,,
1361472156299890690,1361472156299890690,1613435231000.0,2021-02-15 19:27:11,-0500,,"Sin entrar en debates constitucionales, creo que ha quedado clara la incapacidad moral permanente de Martín Vizcarra ¿no? 🤔",es,[],[],1326713607384666112,1326713607384666112,NanoGuerra4,Nano Guerra,1,19,https://twitter.com/NanoGuerra4/status/1361472156299890690,[],[],0,,False,1774,380,402,,None,,,,,,,[],,,,
1360678231754633219,1360678231754633219,1613245945000.0,2021-02-13 14:52:25,-0500,,¿Se puede mejorar nuestro país sin conocerlo?  https://t.co/c3WOirvHKw,es,[],[],1326713607384666112,1326713607384666112,NanoGuerra4,Nano Guerra,6,14,https://twitter.com/NanoGuerra4/status/1360678231754633219,[],[],1,https://pbs.twimg.com/ext_tw_video_thumb/1360677878267011076/pu/img/xjGQLndhB7yw-8zl.jpg,False,16,2,4,,None,,,,,,,[],,,,
1360426944031059969,1360346380322156545,1613186033000.0,2021-02-12 22:13:53,-0500,,@indipaolitik 😱,und,[],[],1326713607384666112,1326713607384666112,NanoGuerra4,Nano Guerra,5,22,https://twitter.com/NanoGuerra4/status/1360426944031059969,[],[],0,,False,0,1,0,,None,,,,,,,"[{'screen_name': 'indipaolitik', 'name': 'Alberto Ampuero', 'id': '2890212667'}]",,,,
1360423123175276549,1360417768202452992,1613185122000.0,2021-02-12 21:58:42,-0500,,@msalazarcongres @luchogalarreta @PFuerzaPopular Me sacaste serio en la foto! Excelente conversatorio!,es,[],[],1326713607384666112,1326713607384666112,NanoGuerra4,Nano Guerra,5,21,https://twitter.com/NanoGuerra4/status/1360423123175276549,[],[],0,,False,2,1,0,,None,,,,,,,"[{'screen_name': 'msalazarcongres', 'name': 'Milagros Salazar', 'id': '764219808145629184'}, {'screen_name': 'luchogalarreta', 'name': 'Lucho Galarreta', 'id': '55181597'}, {'screen_name': 'PFuerzaPopular', 'name': 'Partido Político Fuerza Popular 🇵🇪', 'id': '721086806'}]",,,,
1360346380322156545,1360346380322156545,1613166825000.0,2021-02-12 16:53:45,-0500,,"Tantas cosas por hacer y las Municipalidades intervienen a la gente que trabaja. Dejen de cerrar negocios, dejen trabajar. Se ganan el repudio de la gente y afectan al delivery y al restaurante, como si no tuvieran ya bastantes dificultades.    https://t.co/qOc59dTqXv",es,[],[],1326713607384666112,1326713607384666112,NanoGuerra4,Nano Guerra,5,16,https://twitter.com/NanoGuerra4/status/1360346380322156545,['https://www.miraflores.gob.pe/100-choferes-de-motos-lineales-fueron-intervenidos-en-miraflores/'],[],0,,False,119,25,39,,None,,,,,,,[],,,,
1360035936181100547,1360035936181100547,1613092810000.0,2021-02-11 20:20:10,-0500,,"Me preguntan mucho por mis propuestas para las MYPES, en este video te dejo mis 10 principales propuestas. Estoy preparando videos para explicar a detalle cada una de ellas.  Deja tus comentarios para saber de que otra manera podremos apoyar a tu negocio.  https://t.co/WI46aRHQqT",es,[],[],1326713607384666112,1326713607384666112,NanoGuerra4,Nano Guerra,4,20,https://twitter.com/NanoGuerra4/status/1360035936181100547,[],[],1,https://pbs.twimg.com/ext_tw_video_thumb/1360035292107988995/pu/img/7WHuyK3hTaOvC9jl.jpg,False,84,8,36,,None,,,,,,,[],,,,
1359992317118210055,1359992317118210055,1613082410000.0,2021-02-11 17:26:50,-0500,,No es momento de celebrar.  https://t.co/R70Cqu0wCq,es,[],[],1326713607384666112,1326713607384666112,NanoGuerra4,Nano Guerra,4,17,https://twitter.com/NanoGuerra4/status/1359992317118210055,[],[],1,https://pbs.twimg.com/ext_tw_video_thumb/1359991443205611522/pu/img/-chqE0c77kLeHCop.jpg,False,6,0,5,,None,,,,,,,[],,,,
1359603897619410954,1359603897619410954,1612989804000.0,2021-02-10 15:43:24,-0500,,Ayer tuve una grata videollamada con @KeikoFujimori. Estamos trabajando juntos a pesar de nuestras diferencias en el pasado y demostrando que eso es lo que queremos para el país. El video completo está en su canal de Youtube.  https://t.co/ljYpWW6Bjd,es,[],[],1326713607384666112,1326713607384666112,NanoGuerra4,Nano Guerra,3,15,https://twitter.com/NanoGuerra4/status/1359603897619410954,[],[],1,https://pbs.twimg.com/ext_tw_video_thumb/1359601191026642948/pu/img/J78IYezh0oeZNAiU.jpg,False,272,58,68,,None,,,,,,,[],,,,
1359288961345200128,1359288961345200128,1612914717000.0,2021-02-09 18:51:57,-0500,,¿Por qué quiero ser congresista?  https://t.co/xn95TChNdB,es,[],[],1326713607384666112,1326713607384666112,NanoGuerra4,Nano Guerra,2,18,https://twitter.com/NanoGuerra4/status/1359288961345200128,[],[],1,https://pbs.twimg.com/ext_tw_video_thumb/1359287733525630981/pu/img/z4_CsC8uBJfuFg49.jpg,False,2,1,0,,None,,,,,,,[],,,,
1359154478306500608,1359154478306500608,1612882654000.0,2021-02-09 09:57:34,-0500,,Lo que se necesita es un impulso que genere empleo productivo y no dependencia de bonos.  https://t.co/KopNMbFpQs,es,[],[],1326713607384666112,1326713607384666112,NanoGuerra4,Nano Guerra,2,09,https://twitter.com/NanoGuerra4/status/1359154478306500608,['https://elcomercio.pe/elecciones-2021/elecciones-2021-un-pais-viable-para-un-peru-prospero-por-hernando-guerra-garcia-fuerza-popular-keiko-fujimori-columna-noticia/?outputType=amp&__twitter_impression=true'],[],0,,False,15,2,5,,None,,,,,,,[],,,,
1358775621464260615,1358720136174305280,1612792327000.0,2021-02-08 08:52:07,-0500,,"@realRVKunze Hola Ricardo, el plan de gobierno es de todo un equipo de Fuerza Popular, casa que te acogió mucho tiempo. Te invito a revisarlo completo y a escuchar tus aportes cuando lo desees. Saludos!",es,[],[],1326713607384666112,1326713607384666112,NanoGuerra4,Nano Guerra,1,08,https://twitter.com/NanoGuerra4/status/1358775621464260615,[],[],0,,False,0,1,0,,None,,,,,,,"[{'screen_name': 'realRVKunze', 'name': 'Ricardo VásquezKunze', 'id': '2750565292'}]",,,,
1358565368835538944,1358565368835538944,1612742199000.0,2021-02-07 18:56:39,-0500,,"No se pierdan mañana a las 11:00 am #VersusElectoral , en @larepublica_pe donde debatiré con @NietoMontesinos.",es,['versuselectoral'],[],1326713607384666112,1326713607384666112,NanoGuerra4,Nano Guerra,7,18,https://twitter.com/NanoGuerra4/status/1358565368835538944,[],[],0,,False,2,1,0,https://twitter.com/larepublica_pe/status/1358528404425965574,None,,,,,,,[],,,,
1358483394640936974,1358483394640936974,1612722655000.0,2021-02-07 13:30:55,-0500,,Me encargaron la gran responsabilidad de ser el jefe del plan de gobierno de Fuerza Popular ¿En qué consistió esta labor?  Aquí te lo explico. Te dejo este enlace donde puedes descargarlo y leerlo a detalle    👉 https://t.co/rgF7PxmVZ6  https://t.co/4SJ7AUOfpL,es,[],[],1326713607384666112,1326713607384666112,NanoGuerra4,Nano Guerra,7,13,https://twitter.com/NanoGuerra4/status/1358483394640936974,['http://www.nanoguerra.com/plandegobierno/rescate2021.pdf'],[],1,https://pbs.twimg.com/ext_tw_video_thumb/1358483170602217476/pu/img/K2KhFI6tguW9uP06.jpg,False,137,58,47,,None,,,,,,,[],,,,
1358447638300024834,1358447638300024834,1612714130000.0,2021-02-07 11:08:50,-0500,,"""Combatir la informalidad no era el camino, y que más bien, se hizo camino al andar por la formalidad; desarrollando una política de promoción de la micro y pequeña empresa, convirtiendo al Estado en el principal socio de los emprendedores"" @KeikoFujimori  https://t.co/rODMcdxW2U",es,[],[],1326713607384666112,1326713607384666112,NanoGuerra4,Nano Guerra,7,11,https://twitter.com/NanoGuerra4/status/1358447638300024834,['https://elcomercio.pe/elecciones-2021/elecciones-2021-mi-vision-del-pais-por-keiko-fujimori-fuerza-popular-noticia/'],[],0,,False,146,13,45,,None,,,,,,,[],,,,
1358135297951862785,1357830675274100736,1612639662000.0,2021-02-06 14:27:42,-0500,,"@AnaCeciliaGarz6 De todas maneras Ana Cecilia, saludos!",es,[],[],1326713607384666112,1326713607384666112,NanoGuerra4,Nano Guerra,6,14,https://twitter.com/NanoGuerra4/status/1358135297951862785,[],[],0,,False,1,0,0,,None,,,,,,,"[{'screen_name': 'AnaCeciliaGarz6', 'name': 'Ana Cecilia Garzon', 'id': '1329285900099088384'}]",,,,
1358129352899256326,1358129352899256326,1612638245000.0,2021-02-06 14:04:05,-0500,,"Millones de vacunas de más de 10 laboratorios en el mundo en menos de un año de iniciada la pandemia. Una muestra del aporte de las empresas privadas que tanto critican algunos, de la ciencia y la tecnológia que desprecian otros.",es,[],[],1326713607384666112,1326713607384666112,NanoGuerra4,Nano Guerra,6,14,https://twitter.com/NanoGuerra4/status/1358129352899256326,[],[],0,,False,13,1,1,,None,,,,,,,[],,,,
1357853678158422017,1357830675274100736,1612572519000.0,2021-02-05 19:48:39,-0500,,@FIlustrado Nos ayude☝🏻 😏,es,[],[],1326713607384666112,1326713607384666112,NanoGuerra4,Nano Guerra,5,19,https://twitter.com/NanoGuerra4/status/1357853678158422017,[],[],0,,False,0,1,0,,None,,,,,,,"[{'screen_name': 'FIlustrado', 'name': '4.40 Color Puerta', 'id': '1188514728370475012'}]",,,,
1357841638152933386,1357830675274100736,1612569648000.0,2021-02-05 19:00:48,-0500,,"@MrHorseman10 @Frospigliosi Hola, estoy con el 1 de Fuerza Popular, saludos!",es,[],[],1326713607384666112,1326713607384666112,NanoGuerra4,Nano Guerra,5,19,https://twitter.com/NanoGuerra4/status/1357841638152933386,[],[],0,,False,0,0,0,,None,,,,,,,"[{'screen_name': 'MrHorseman10', 'name': 'Mr. Horseman', 'id': '1329520554936848386'}, {'screen_name': 'Frospigliosi', 'name': 'Fernando Rospigliosi', 'id': '50374512'}]",,,,
1357841487145426947,1357830675274100736,1612569612000.0,2021-02-05 19:00:12,-0500,,"@peruchito30 Un abrazo, gracias!",es,[],[],1326713607384666112,1326713607384666112,NanoGuerra4,Nano Guerra,5,19,https://twitter.com/NanoGuerra4/status/1357841487145426947,[],[],0,,False,1,0,0,,None,,,,,,,"[{'screen_name': 'peruchito30', 'name': 'peruchito 30', 'id': '150427880'}]",,,,
1357830675274100736,1357830675274100736,1612567034000.0,2021-02-05 18:17:14,-0500,,Necesitamos un shock de empleo productivo y formal.  https://t.co/5DMLzT2R56,es,[],[],1326713607384666112,1326713607384666112,NanoGuerra4,Nano Guerra,5,18,https://twitter.com/NanoGuerra4/status/1357830675274100736,[],[],1,https://pbs.twimg.com/ext_tw_video_thumb/1357830297119776772/pu/img/lqh0NmqG8Y8sN8WB.jpg,False,120,26,45,,None,,,,,,,[],,,,
1357484554479669248,1357484554479669248,1612484513000.0,2021-02-04 19:21:53,-0500,,El año nuevo chino empieza el 12 de febrero. Por mi experiencia casi TODO se detiene. ¡Espero que lo hayan tomado en cuenta para lo de nuestras vacunas!,es,[],[],1326713607384666112,1326713607384666112,NanoGuerra4,Nano Guerra,4,19,https://twitter.com/NanoGuerra4/status/1357484554479669248,[],[],0,,False,6,1,0,,None,,,,,,,[],,,,
1357357663559024644,1357357663559024644,1612454260000.0,2021-02-04 10:57:40,-0500,,☝🏻  https://t.co/ajNL11Lquj,und,[],[],1326713607384666112,1326713607384666112,NanoGuerra4,Nano Guerra,4,10,https://twitter.com/NanoGuerra4/status/1357357663559024644,[],['https://pbs.twimg.com/media/EtZNmbjXcAclPxs.jpg'],1,https://pbs.twimg.com/media/EtZNmbjXcAclPxs.jpg,False,4,0,0,,None,,,,,,,[],,,,
1357105738884251648,1357105738884251648,1612394196000.0,2021-02-03 18:16:36,-0500,,"Entre risas la premier anuncia trágica noticia que tendrá como consecuencia la muerte de más peruanos. Nuestra primera línea sigue cayendo, no estamos para bromas ¡Aseguremos las vacunas, no se puede posponer más!",es,[],[],1326713607384666112,1326713607384666112,NanoGuerra4,Nano Guerra,3,18,https://twitter.com/NanoGuerra4/status/1357105738884251648,[],[],0,,False,30,4,9,https://twitter.com/elcomercio_peru/status/1357103745612582912,None,,,,,,,[],,,,
1357104286799433728,1357104286799433728,1612393850000.0,2021-02-03 18:10:50,-0500,,Necesitamos héroes emprendedores que le den progreso a nuestros país.  https://t.co/RHn6RftnJA,es,[],[],1326713607384666112,1326713607384666112,NanoGuerra4,Nano Guerra,3,18,https://twitter.com/NanoGuerra4/status/1357104286799433728,[],[],1,https://pbs.twimg.com/ext_tw_video_thumb/1357103316464001026/pu/img/8FCwgGrN8Gy-BUiF.jpg,False,30,8,14,,None,,,,,,,[],,,,
1357025589732007936,1357017845100601350,1612375087000.0,2021-02-03 12:58:07,-0500,,@MartinSunico Abrazo para ti Sunico!,es,[],[],1326713607384666112,1326713607384666112,NanoGuerra4,Nano Guerra,3,12,https://twitter.com/NanoGuerra4/status/1357025589732007936,[],[],0,,False,1,0,0,,None,,,,,,,[],,,,
1357017845100601350,1357017845100601350,1612373241000.0,2021-02-03 12:27:21,-0500,,"Si así demoran las vacunas, no imaginemos lo que va a demorar cada avión de la aerolínea estatal.  Cuidemos nuestros recursos escasos y no despilfarremos el dinero público en proyectos fantasiosos que ya sabemos no funcionan. ✈️🤔",es,[],[],1326713607384666112,1326713607384666112,NanoGuerra4,Nano Guerra,3,12,https://twitter.com/NanoGuerra4/status/1357017845100601350,[],[],0,,False,487,50,111,,None,,,,,,,[],,,,
1356980852798992386,1356980852798992386,1612364421000.0,2021-02-03 10:00:21,-0500,,Los invito este martes 9 de febrero a conectarse al zoom donde debatiré con @DanielCordovaC y @ChavezMaximixe en Diálogo de Jefes de Plan de Gobierno organizado por @comexperu,es,[],[],1326713607384666112,1326713607384666112,NanoGuerra4,Nano Guerra,3,10,https://twitter.com/NanoGuerra4/status/1356980852798992386,[],[],0,,False,22,3,5,https://twitter.com/jdealthaus/status/1356766641997164545,None,,,,,,,[],,,,
1356647057499561984,1356647057499561984,1612284838000.0,2021-02-02 11:53:58,-0500,,Hoy estaré con @DeltaMdelta a partir de las 11:00 pm por @Latina_pe  https://t.co/b3FjFFsebT,es,[],[],1326713607384666112,1326713607384666112,NanoGuerra4,Nano Guerra,2,11,https://twitter.com/NanoGuerra4/status/1356647057499561984,[],['https://pbs.twimg.com/media/EtPHTwyXYAAIS5S.jpg'],1,https://pbs.twimg.com/media/EtPHTwyXYAAIS5S.jpg,False,15,8,3,,None,,,,,,,[],,,,
1356623072602767366,1356623072602767366,1612279120000.0,2021-02-02 10:18:40,-0500,,"Un buen gobierno debe medir los objetivos y los resultados, no el dinero gastado en intentar conseguirlo.",es,[],[],1326713607384666112,1326713607384666112,NanoGuerra4,Nano Guerra,2,10,https://twitter.com/NanoGuerra4/status/1356623072602767366,[],[],0,,False,5,0,5,,None,,,,,,,[],,,,
1356269119751024645,1356269119751024645,1612194731000.0,2021-02-01 10:52:11,-0500,,¡Los esperamos hoy en la transmisión desde mi cuenta de Facebook!  https://t.co/XWhcyVKQHU,es,[],[],1326713607384666112,1326713607384666112,NanoGuerra4,Nano Guerra,1,10,https://twitter.com/NanoGuerra4/status/1356269119751024645,[],['https://pbs.twimg.com/media/EtJvk1LXEAEjkh7.jpg'],1,https://pbs.twimg.com/media/EtJvk1LXEAEjkh7.jpg,False,1,0,0,,None,,,,,,,[],,,,
1356251852455731205,1356251852455731205,1612190614000.0,2021-02-01 09:43:34,-0500,,"Perseguir, multar y clausurar no es la solución.  https://t.co/6257fWi43Y",es,[],[],1326713607384666112,1326713607384666112,NanoGuerra4,Nano Guerra,1,09,https://twitter.com/NanoGuerra4/status/1356251852455731205,[],['https://pbs.twimg.com/media/EtJf3vrXYAAksmv.jpg'],1,https://pbs.twimg.com/media/EtJf3vrXYAAksmv.jpg,False,17,2,5,,None,,,,,,,[],,,,
1356047988301434887,1355993921579577344,1612142009000.0,2021-01-31 20:13:29,-0500,,@aspauzarazuri Dejemos el insulto fácil y conversemos sobre propuestas y soluciones. ¡Saludos Jorge!,es,[],[],1326713607384666112,1326713607384666112,NanoGuerra4,Nano Guerra,7,20,https://twitter.com/NanoGuerra4/status/1356047988301434887,[],[],0,,False,0,0,0,,None,,,,,,,"[{'screen_name': 'aspauzarazuri', 'name': 'Jorge Aspauza', 'id': '127946842'}]",,,,
1355956255853056004,1355956255853056004,1612120138000.0,2021-01-31 14:08:58,-0500,,"Cuando uno trabaja con emprendedores, se da cuenta que la mayoría de trabas viene del Estado. Hoy en @Politica_ECpe",es,[],[],1326713607384666112,1326713607384666112,NanoGuerra4,Nano Guerra,7,14,https://twitter.com/NanoGuerra4/status/1355956255853056004,[],[],0,,False,7,0,0,https://twitter.com/AliciARojas/status/1355881538072829954,None,,,,,,,[],,,,
1355926035884367874,1355926035884367874,1612112933000.0,2021-01-31 12:08:53,-0500,,Mención de hoy en @elcomercio_peru sobre mi perfil y algunas de las propuestas de @PFuerzaPopular   https://t.co/aZFWNgE2s2,es,[],[],1326713607384666112,1326713607384666112,NanoGuerra4,Nano Guerra,7,12,https://twitter.com/NanoGuerra4/status/1355926035884367874,['https://especiales.elcomercio.pe/?q=especiales/jefes-de-campana-ecpm/hernando-guerra-fuerza-popular/index.html'],[],0,,False,1,0,0,,None,,,,,,,[],,,,
1355234170096799744,1355234170096799744,1611947979000.0,2021-01-29 14:19:39,-0500,,"Emprendedores, ¡Nos encerraron! Aprovechemos el tiempo en capacitarnos. Los invito a hacerlo de manera virtual y gratuita.  https://t.co/cA2T3RutLi",es,[],[],1326713607384666112,1326713607384666112,NanoGuerra4,Nano Guerra,5,14,https://twitter.com/NanoGuerra4/status/1355234170096799744,[],[],1,https://pbs.twimg.com/ext_tw_video_thumb/1355234049984499712/pu/img/4Xgb_GpPgzQqj9VA.jpg,False,5,1,1,,None,,,,,,,[],,,,
1355192802985046021,1355192802985046021,1611938117000.0,2021-01-29 11:35:17,-0500,,☝🏻  https://t.co/CF9TUjiy3S,und,[],[],1326713607384666112,1326713607384666112,NanoGuerra4,Nano Guerra,5,11,https://twitter.com/NanoGuerra4/status/1355192802985046021,[],['https://pbs.twimg.com/media/Es6cq-MWMAUjOYS.jpg'],1,https://pbs.twimg.com/media/Es6cq-MWMAUjOYS.jpg,False,2,1,0,,None,,,,,,,[],,,,
1355170458178609152,1355170458178609152,1611932789000.0,2021-01-29 10:06:29,-0500,,Cambiemos la crítica fácil por propuestas de solución. El Perú nos necesita unidos.,es,[],[],1326713607384666112,1326713607384666112,NanoGuerra4,Nano Guerra,5,10,https://twitter.com/NanoGuerra4/status/1355170458178609152,[],[],0,,False,3,1,1,https://twitter.com/KeikoFujimori/status/1354834296863936516,None,,,,,,,[],,,,
1354808674728828936,1354808674728828936,1611846533000.0,2021-01-28 10:08:53,-0500,,"Suena bonito, pero no nos hacen el favor. No dependas del Estado ni de los políticos.☝🏻  https://t.co/zfPqbFveFF",es,[],[],1326713607384666112,1326713607384666112,NanoGuerra4,Nano Guerra,4,10,https://twitter.com/NanoGuerra4/status/1354808674728828936,[],[],1,https://pbs.twimg.com/ext_tw_video_thumb/1354808460018245633/pu/img/u493W1PN80lTX5jk.jpg,False,47,6,19,,None,,,,,,,[],,,,
1354557032960036867,1354557032960036867,1611786537000.0,2021-01-27 17:28:57,-0500,,¿Que necesitamos para progresar? Unicachi impulsa cientos de emprendimientos.  https://t.co/Z8Uv1lFcAN,es,[],[],1326713607384666112,1326713607384666112,NanoGuerra4,Nano Guerra,3,17,https://twitter.com/NanoGuerra4/status/1354557032960036867,[],[],1,https://pbs.twimg.com/ext_tw_video_thumb/1354556792659992580/pu/img/ULrBSM-spib-teoZ.jpg,False,9,1,3,,None,,,,,,,[],,,,
1354450555104620544,1354450555104620544,1611761151000.0,2021-01-27 10:25:51,-0500,,Difícil momento para los emprendedores que con tanto esfuerzo volvieron a generar riqueza y mover la economía del país. Serán  los más afectados con nueva cuarentena. ¡Estamos juntos en esto!,es,[],[],1326713607384666112,1326713607384666112,NanoGuerra4,Nano Guerra,3,10,https://twitter.com/NanoGuerra4/status/1354450555104620544,[],[],0,,False,8,1,1,,None,,,,,,,[],,,,
1354155448962789376,1354155448962789376,1611690792000.0,2021-01-26 14:53:12,-0500,,¿Cómo quedarnos tranquilos? Vamos a rescatar al país.  https://t.co/UOv5uBrx9D,es,[],[],1326713607384666112,1326713607384666112,NanoGuerra4,Nano Guerra,2,14,https://twitter.com/NanoGuerra4/status/1354155448962789376,[],[],1,https://pbs.twimg.com/ext_tw_video_thumb/1354155135618920450/pu/img/UFPl74Royj27S6gK.jpg,False,60,31,25,,None,,,,,,,[],,,,
1354138649986785281,1354138649986785281,1611686787000.0,2021-01-26 13:46:27,-0500,,¡Nos sumamos a la propuesta de #ManoDura para reactivar y mejorar  la economía de nuestros  emprendedores!,es,['manodura'],[],1326713607384666112,1326713607384666112,NanoGuerra4,Nano Guerra,2,13,https://twitter.com/NanoGuerra4/status/1354138649986785281,[],[],0,,False,741,291,147,https://twitter.com/KeikoFujimori/status/1353705396595290120,None,,,,,,,[],,,,
1352020493193371649,1352020493193371649,1611181779000.0,2021-01-20 17:29:39,-0500,,Incremento del XX por ciento de fortalecimiento y otro incremento del XX por ciento a las pymes inclusivas. Ni siquiera se tomaron el trabajo de llenarlo con un numero. XX por ciento sera su votación.  Una burla a las mypes y emprendedores del Peru.(2/2) @canalN_  https://t.co/ipbj0hFJDU,es,[],[],1326713607384666112,1326713607384666112,NanoGuerra4,Nano Guerra,3,17,https://twitter.com/NanoGuerra4/status/1352020493193371649,[],['https://pbs.twimg.com/media/EsNXeEGXcAERZuX.jpg'],1,https://pbs.twimg.com/media/EsNXeEGXcAERZuX.jpg,False,4,4,0,,None,,,,,,,[],,,,
1352019690583945220,1352019690583945220,1611181588000.0,2021-01-20 17:26:28,-0500,,La izquierda improvisada. Hoy a las 1030 pm en @canalN_ demuestro  el desinteres de @JuntosporPeru y @Vero_Mendoza_F por las pymes. En su plan de gobierno en la sección de microempresas y asociatividad ponen: incremento del XX por ciento de financiamiento a las empresas(1/2)  https://t.co/Dd7bWrTYQy,es,[],[],1326713607384666112,1326713607384666112,NanoGuerra4,Nano Guerra,3,17,https://twitter.com/NanoGuerra4/status/1352019690583945220,[],['https://pbs.twimg.com/media/EsNWvWNXAAAOOif.jpg'],1,https://pbs.twimg.com/media/EsNWvWNXAAAOOif.jpg,False,5,2,1,,None,,,,,,,[],,,,
1348760448355753985,1348760448355753985,1610404524000.0,2021-01-11 17:35:24,-0500,,"Hace 20 años empecé a recorrer el Perú buscando a esos héroes anónimos que día a día luchan por salir adelante, decidí escucharlos y aprender de ellos. Hoy, decidí continuar con esto pero, ¿Dónde empezar? @KeikoFujimori  #NanoGuerra1 #EstamosListos #fuerzapopular  https://t.co/5kkJ71e0w3",es,"['nanoguerra1', 'estamoslistos', 'fuerzapopular']",[],1326713607384666112,1326713607384666112,NanoGuerra4,Nano Guerra,1,17,https://twitter.com/NanoGuerra4/status/1348760448355753985,[],[],1,https://pbs.twimg.com/ext_tw_video_thumb/1348745901892898824/pu/img/8_XCA0DkJ0xS0OHO.jpg,False,6,1,1,,None,,,,,,,[],,,,
